-- phpMyAdmin SQL Dump
-- version 3.4.5
-- http://www.phpmyadmin.net
--
-- Host: localhost
-- Generation Time: Jul 16, 2012 at 02:25 AM
-- Server version: 5.5.16
-- PHP Version: 5.3.8

SET SQL_MODE="NO_AUTO_VALUE_ON_ZERO";
SET time_zone = "+00:00";


/*!40101 SET @OLD_CHARACTER_SET_CLIENT=@@CHARACTER_SET_CLIENT */;
/*!40101 SET @OLD_CHARACTER_SET_RESULTS=@@CHARACTER_SET_RESULTS */;
/*!40101 SET @OLD_COLLATION_CONNECTION=@@COLLATION_CONNECTION */;
/*!40101 SET NAMES utf8 */;

--
-- Database: `scoresystem_v1_04`
--

-- --------------------------------------------------------

--
-- Table structure for table `compotemplates`
--

DROP TABLE IF EXISTS `compotemplates`;
CREATE TABLE IF NOT EXISTS `compotemplates` (
  `ct_id` int(10) unsigned NOT NULL AUTO_INCREMENT,
  `name` varchar(50) NOT NULL,
  `max_events_per_competitor` tinyint(3) unsigned NOT NULL DEFAULT '3',
  PRIMARY KEY (`ct_id`)
) ENGINE=InnoDB  DEFAULT CHARSET=latin1 AUTO_INCREMENT=4 ;

--
-- Dumping data for table `compotemplates`
--

INSERT INTO `compotemplates` (`ct_id`, `name`, `max_events_per_competitor`) VALUES
(1, 'Norman Green Athletics', 2),
(2, 'Sports Day', 3),
(3, 'Swimming Gala', 3);

-- --------------------------------------------------------

--
-- Table structure for table `comtem_events`
--

DROP TABLE IF EXISTS `comtem_events`;
CREATE TABLE IF NOT EXISTS `comtem_events` (
  `e_id` int(10) unsigned NOT NULL AUTO_INCREMENT,
  `ct_id` int(10) unsigned NOT NULL,
  `name` varchar(50) NOT NULL,
  `ss_id` int(10) unsigned NOT NULL,
  `counts_to_limit` tinyint(1) NOT NULL DEFAULT '0',
  PRIMARY KEY (`e_id`)
) ENGINE=InnoDB  DEFAULT CHARSET=latin1 AUTO_INCREMENT=515 ;

--
-- Dumping data for table `comtem_events`
--

INSERT INTO `comtem_events` (`e_id`, `ct_id`, `name`, `ss_id`, `counts_to_limit`) VALUES
(386, 1, 'Year 7 100 metres', 25, 1),
(387, 1, 'Year 7 200 metres', 25, 1),
(388, 1, 'Year 7 400 metres', 25, 1),
(389, 1, 'Year 7 800 metres', 25, 1),
(390, 1, 'Year 7 1500 metres', 25, 1),
(391, 1, 'Year 7 High Jump', 26, 1),
(392, 1, 'Year 7 Long Jump', 26, 1),
(393, 1, 'Year 7 Triple Jump', 26, 1),
(394, 1, 'Year 7 Shot', 26, 1),
(395, 1, 'Year 7 Discus', 26, 1),
(396, 1, 'Year 7 Javelin', 26, 1),
(397, 1, 'Year 7 Relay', 27, 0),
(398, 1, 'Year 8 100 metres', 25, 1),
(399, 1, 'Year 8 200 metres', 25, 1),
(400, 1, 'Year 8 400 metres', 25, 1),
(401, 1, 'Year 8 800 metres', 25, 1),
(402, 1, 'Year 8 1500 metres', 25, 1),
(403, 1, 'Year 8 High Jump', 26, 1),
(404, 1, 'Year 8 Long Jump', 26, 1),
(405, 1, 'Year 8 Triple Jump', 26, 1),
(406, 1, 'Year 8 Shot', 26, 1),
(407, 1, 'Year 8 Discus', 26, 1),
(408, 1, 'Year 8 Javelin', 26, 1),
(409, 1, 'Year 8 Relay', 27, 0),
(410, 1, 'Year 9 100 metres', 25, 1),
(411, 1, 'Year 9 200 metres', 25, 1),
(412, 1, 'Year 9 400 metres', 25, 1),
(413, 1, 'Year 9 800 metres', 25, 1),
(414, 1, 'Year 9 1500 metres', 25, 1),
(415, 1, 'Year 9 High Jump', 26, 1),
(416, 1, 'Year 9 Long Jump', 26, 1),
(417, 1, 'Year 9 Triple Jump', 26, 1),
(418, 1, 'Year 9 Shot', 26, 1),
(419, 1, 'Year 9 Discus', 26, 1),
(420, 1, 'Year 9 Javelin', 26, 1),
(421, 1, 'Year 9 Relay', 27, 0),
(422, 1, 'Year 10 100 metres', 25, 1),
(423, 1, 'Year 10 200 metres', 25, 1),
(424, 1, 'Year 10 400 metres', 25, 1),
(425, 1, 'Year 10 800 metres', 25, 1),
(426, 1, 'Year 10 1500 metres', 25, 1),
(427, 1, 'Year 10 High Jump', 26, 1),
(428, 1, 'Year 10 Long Jump', 26, 1),
(429, 1, 'Year 10 Triple Jump', 26, 1),
(430, 1, 'Year 10 Shot', 26, 1),
(431, 1, 'Year 10 Discus', 26, 1),
(432, 1, 'Year 10 Javelin', 26, 1),
(433, 1, 'Year 10 Relay', 27, 0),
(434, 2, 'Year 7 100 metres', 28, 1),
(435, 2, 'Year 7 200 metres', 28, 1),
(436, 2, 'Year 7 400 metres', 28, 1),
(437, 2, 'Year 7 800 metres', 28, 1),
(438, 2, 'Year 7 1500 metres', 28, 1),
(439, 2, 'Year 7 High Jump', 29, 1),
(440, 2, 'Year 7 Long Jump', 29, 1),
(441, 2, 'Year 7 Triple Jump', 29, 1),
(442, 2, 'Year 7 Shot', 29, 1),
(443, 2, 'Year 7 Discus', 29, 1),
(444, 2, 'Year 7 Javelin', 29, 1),
(445, 2, 'Year 7 Relay', 30, 0),
(446, 2, 'Year 8 100 metres', 28, 1),
(447, 2, 'Year 8 200 metres', 28, 1),
(448, 2, 'Year 8 400 metres', 28, 1),
(449, 2, 'Year 8 800 metres', 28, 1),
(450, 2, 'Year 8 1500 metres', 28, 1),
(451, 2, 'Year 8 High Jump', 29, 1),
(452, 2, 'Year 8 Long Jump', 29, 1),
(453, 2, 'Year 8 Triple Jump', 29, 1),
(454, 2, 'Year 8 Shot', 29, 1),
(455, 2, 'Year 8 Discus', 29, 1),
(456, 2, 'Year 8 Javelin', 29, 1),
(457, 2, 'Year 8 Relay', 30, 0),
(458, 2, 'Year 9 100 metres', 28, 1),
(459, 2, 'Year 9 200 metres', 28, 1),
(460, 2, 'Year 9 400 metres', 28, 1),
(461, 2, 'Year 9 800 metres', 28, 1),
(462, 2, 'Year 9 1500 metres', 28, 1),
(463, 2, 'Year 9 High Jump', 29, 1),
(464, 2, 'Year 9 Long Jump', 29, 1),
(465, 2, 'Year 9 Triple Jump', 29, 1),
(466, 2, 'Year 9 Shot', 29, 1),
(467, 2, 'Year 9 Discus', 29, 1),
(468, 2, 'Year 9 Javelin', 29, 1),
(469, 2, 'Year 9 Relay', 30, 0),
(470, 2, 'Year 10 100 metres', 28, 1),
(471, 2, 'Year 10 200 metres', 28, 1),
(472, 2, 'Year 10 400 metres', 28, 1),
(473, 2, 'Year 10 800 metres', 28, 1),
(474, 2, 'Year 10 1500 metres', 28, 1),
(475, 2, 'Year 10 High Jump', 29, 1),
(476, 2, 'Year 10 Long Jump', 29, 1),
(477, 2, 'Year 10 Triple Jump', 29, 1),
(478, 2, 'Year 10 Shot', 29, 1),
(479, 2, 'Year 10 Discus', 29, 1),
(480, 2, 'Year 10 Javelin', 29, 1),
(481, 2, 'Year 10 Relay', 30, 0),
(482, 2, 'Senior 100 metres', 28, 1),
(483, 2, 'Senior 200 metres', 28, 1),
(484, 2, 'Senior 400 metres', 28, 1),
(485, 2, 'Senior 800 metres', 28, 1),
(486, 2, 'Senior 1500 metres', 28, 1),
(487, 2, 'Senior High Jump', 29, 1),
(488, 2, 'Senior Long Jump', 29, 1),
(489, 2, 'Senior Triple Jump', 29, 1),
(490, 2, 'Senior Shot', 29, 1),
(491, 2, 'Senior Discus', 29, 1),
(492, 2, 'Senior Javelin', 29, 1),
(493, 2, 'Senior Relay', 30, 0),
(494, 3, 'Year 7 Free', 31, 1),
(495, 3, 'Year 8 Free', 31, 1),
(496, 3, 'Intermediate Free', 31, 1),
(497, 3, 'Senior Free', 31, 1),
(498, 3, 'Year 7 Breast', 31, 1),
(499, 3, 'Year 8 Breast', 31, 1),
(500, 3, 'Intermediate Breast', 31, 1),
(501, 3, 'Senior Breast', 31, 1),
(502, 3, 'The Plunge', 32, 0),
(503, 3, 'Year 7 Back', 31, 1),
(504, 3, 'Year 8 Back', 31, 1),
(505, 3, 'Intermediate Back', 31, 1),
(506, 3, 'Senior Back', 31, 1),
(507, 3, 'Year 7 Fly', 31, 1),
(508, 3, 'Year 8 Fly', 31, 1),
(509, 3, 'Intermediate Fly', 31, 1),
(510, 3, 'Senior Fly', 31, 1),
(511, 3, 'Year 7 Relay', 33, 0),
(512, 3, 'Year 8 Relay', 33, 0),
(513, 3, 'Intermediate Relay', 33, 0),
(514, 3, 'Senior Relay', 33, 0);

-- --------------------------------------------------------

--
-- Table structure for table `comtem_groupeligibility`
--

DROP TABLE IF EXISTS `comtem_groupeligibility`;
CREATE TABLE IF NOT EXISTS `comtem_groupeligibility` (
  `ge_id` int(10) unsigned NOT NULL AUTO_INCREMENT,
  `sub_id` int(10) unsigned NOT NULL,
  `e_id` int(10) unsigned NOT NULL,
  PRIMARY KEY (`ge_id`)
) ENGINE=InnoDB  DEFAULT CHARSET=latin1 AUTO_INCREMENT=518 ;

--
-- Dumping data for table `comtem_groupeligibility`
--

INSERT INTO `comtem_groupeligibility` (`ge_id`, `sub_id`, `e_id`) VALUES
(386, 41, 386),
(387, 41, 387),
(388, 41, 388),
(389, 41, 389),
(390, 41, 390),
(391, 41, 391),
(392, 41, 392),
(393, 41, 393),
(394, 41, 394),
(395, 41, 395),
(396, 41, 396),
(397, 45, 397),
(398, 42, 398),
(399, 42, 399),
(400, 42, 400),
(401, 42, 401),
(402, 42, 402),
(403, 42, 403),
(404, 42, 404),
(405, 42, 405),
(406, 42, 406),
(407, 42, 407),
(408, 42, 408),
(409, 45, 409),
(410, 43, 410),
(411, 43, 411),
(412, 43, 412),
(413, 43, 413),
(414, 43, 414),
(415, 43, 415),
(416, 43, 416),
(417, 43, 417),
(418, 43, 418),
(419, 43, 419),
(420, 43, 420),
(421, 45, 421),
(422, 44, 422),
(423, 44, 423),
(424, 44, 424),
(425, 44, 425),
(426, 44, 426),
(427, 44, 427),
(428, 44, 428),
(429, 44, 429),
(430, 44, 430),
(431, 44, 431),
(432, 44, 432),
(433, 45, 433),
(434, 46, 434),
(435, 46, 435),
(436, 46, 436),
(437, 46, 437),
(438, 46, 438),
(439, 46, 439),
(440, 46, 440),
(441, 46, 441),
(442, 46, 442),
(443, 46, 443),
(444, 46, 444),
(445, 51, 445),
(446, 47, 446),
(447, 47, 447),
(448, 47, 448),
(449, 47, 449),
(450, 47, 450),
(451, 47, 451),
(452, 47, 452),
(453, 47, 453),
(454, 47, 454),
(455, 47, 455),
(456, 47, 456),
(457, 51, 457),
(458, 48, 458),
(459, 48, 459),
(460, 48, 460),
(461, 48, 461),
(462, 48, 462),
(463, 48, 463),
(464, 48, 464),
(465, 48, 465),
(466, 48, 466),
(467, 48, 467),
(468, 48, 468),
(469, 51, 469),
(470, 49, 470),
(471, 49, 471),
(472, 49, 472),
(473, 49, 473),
(474, 49, 474),
(475, 49, 475),
(476, 49, 476),
(477, 49, 477),
(478, 49, 478),
(479, 49, 479),
(480, 49, 480),
(481, 51, 481),
(482, 50, 482),
(483, 50, 483),
(484, 50, 484),
(485, 50, 485),
(486, 50, 486),
(487, 50, 487),
(488, 50, 488),
(489, 50, 489),
(490, 50, 490),
(491, 50, 491),
(492, 50, 492),
(493, 51, 493),
(494, 52, 494),
(495, 53, 495),
(496, 54, 496),
(497, 55, 497),
(498, 52, 498),
(499, 53, 499),
(500, 54, 500),
(501, 55, 501),
(502, 52, 502),
(503, 53, 502),
(504, 54, 502),
(505, 55, 502),
(506, 52, 503),
(507, 53, 504),
(508, 54, 505),
(509, 55, 506),
(510, 52, 507),
(511, 53, 508),
(512, 54, 509),
(513, 55, 510),
(514, 56, 511),
(515, 56, 512),
(516, 56, 513),
(517, 56, 514);

-- --------------------------------------------------------

--
-- Table structure for table `comtem_scoreschemes`
--

DROP TABLE IF EXISTS `comtem_scoreschemes`;
CREATE TABLE IF NOT EXISTS `comtem_scoreschemes` (
  `ss_id` int(10) unsigned NOT NULL AUTO_INCREMENT,
  `ct_id` int(10) unsigned NOT NULL,
  `name` varchar(50) NOT NULL,
  `count_entrants_per_team` tinyint(3) unsigned NOT NULL,
  `result_order` enum('asc','desc') NOT NULL,
  `result_type` varchar(30) NOT NULL,
  `result_units` varchar(20) NOT NULL,
  `result_units_dp` int(10) unsigned NOT NULL,
  PRIMARY KEY (`ss_id`)
) ENGINE=InnoDB  DEFAULT CHARSET=latin1 AUTO_INCREMENT=34 ;

--
-- Dumping data for table `comtem_scoreschemes`
--

INSERT INTO `comtem_scoreschemes` (`ss_id`, `ct_id`, `name`, `count_entrants_per_team`, `result_order`, `result_type`, `result_units`, `result_units_dp`) VALUES
(25, 1, 'Track', 1, 'asc', 'Time', 'seconds', 2),
(26, 1, 'Field', 1, 'desc', 'Distance', 'metres', 2),
(27, 1, 'Relay', 1, 'asc', 'Time', 'seconds', 2),
(28, 2, 'Track', 2, 'asc', 'Time', 'seconds', 1),
(29, 2, 'Field', 2, 'desc', 'Distance', 'metres', 2),
(30, 2, 'Relay', 1, 'asc', 'Time', 'seconds', 1),
(31, 3, 'Race', 2, 'asc', 'Time', 'seconds', 2),
(32, 3, 'Plunge', 2, 'desc', 'Distance', 'metres', 2),
(33, 3, 'Relay', 1, 'asc', 'Time', 'seconds', 2);

-- --------------------------------------------------------

--
-- Table structure for table `comtem_scorescheme_scores`
--

DROP TABLE IF EXISTS `comtem_scorescheme_scores`;
CREATE TABLE IF NOT EXISTS `comtem_scorescheme_scores` (
  `sssc_id` int(10) unsigned NOT NULL AUTO_INCREMENT,
  `ss_id` int(10) unsigned NOT NULL,
  `place` tinyint(3) unsigned NOT NULL,
  `score` decimal(10,6) NOT NULL,
  PRIMARY KEY (`sssc_id`)
) ENGINE=InnoDB  DEFAULT CHARSET=latin1 AUTO_INCREMENT=296 ;

--
-- Dumping data for table `comtem_scorescheme_scores`
--

INSERT INTO `comtem_scorescheme_scores` (`sssc_id`, `ss_id`, `place`, `score`) VALUES
(223, 25, 1, 8.000000),
(224, 25, 2, 7.000000),
(225, 25, 3, 6.000000),
(226, 25, 4, 5.000000),
(227, 25, 5, 4.000000),
(228, 25, 6, 3.000000),
(229, 25, 7, 2.000000),
(230, 25, 8, 1.000000),
(231, 25, 0, 0.000000),
(232, 26, 1, 8.000000),
(233, 26, 2, 7.000000),
(234, 26, 3, 6.000000),
(235, 26, 4, 5.000000),
(236, 26, 5, 4.000000),
(237, 26, 6, 3.000000),
(238, 26, 7, 2.000000),
(239, 26, 8, 1.000000),
(240, 26, 0, 0.000000),
(241, 27, 1, 16.000000),
(242, 27, 2, 14.000000),
(243, 27, 3, 12.000000),
(244, 27, 4, 10.000000),
(245, 27, 5, 8.000000),
(246, 27, 6, 6.000000),
(247, 27, 7, 4.000000),
(248, 27, 8, 2.000000),
(249, 27, 0, 0.000000),
(250, 28, 1, 8.000000),
(251, 28, 2, 7.000000),
(252, 28, 3, 6.000000),
(253, 28, 4, 5.000000),
(254, 28, 5, 4.000000),
(255, 28, 6, 3.000000),
(256, 28, 7, 2.000000),
(257, 28, 8, 2.000000),
(258, 28, 0, 0.000000),
(259, 29, 1, 8.000000),
(260, 29, 2, 7.000000),
(261, 29, 3, 6.000000),
(262, 29, 4, 5.000000),
(263, 29, 5, 4.000000),
(264, 29, 6, 3.000000),
(265, 29, 7, 2.000000),
(266, 29, 8, 1.000000),
(267, 29, 0, 0.000000),
(268, 30, 1, 16.000000),
(269, 30, 2, 12.000000),
(270, 30, 3, 8.000000),
(271, 30, 4, 4.000000),
(272, 30, 0, 0.000000),
(273, 31, 1, 8.000000),
(274, 31, 2, 7.000000),
(275, 31, 3, 6.000000),
(276, 31, 4, 5.000000),
(277, 31, 5, 4.000000),
(278, 31, 6, 3.000000),
(279, 31, 7, 2.000000),
(280, 31, 8, 1.000000),
(281, 31, 0, 0.000000),
(282, 32, 1, 8.000000),
(283, 32, 2, 7.000000),
(284, 32, 3, 6.000000),
(285, 32, 4, 5.000000),
(286, 32, 5, 4.000000),
(287, 32, 6, 3.000000),
(288, 32, 7, 2.000000),
(289, 32, 8, 1.000000),
(290, 32, 0, 0.000000),
(291, 33, 1, 16.000000),
(292, 33, 2, 12.000000),
(293, 33, 3, 8.000000),
(294, 33, 4, 4.000000),
(295, 33, 0, 0.000000);

-- --------------------------------------------------------

--
-- Table structure for table `comtem_subgroups`
--

DROP TABLE IF EXISTS `comtem_subgroups`;
CREATE TABLE IF NOT EXISTS `comtem_subgroups` (
  `sub_id` int(10) unsigned NOT NULL AUTO_INCREMENT,
  `ct_id` int(10) unsigned NOT NULL,
  `name` varchar(50) NOT NULL,
  PRIMARY KEY (`sub_id`)
) ENGINE=InnoDB  DEFAULT CHARSET=latin1 AUTO_INCREMENT=57 ;

--
-- Dumping data for table `comtem_subgroups`
--

INSERT INTO `comtem_subgroups` (`sub_id`, `ct_id`, `name`) VALUES
(41, 1, 'Year 7'),
(42, 1, 'Year 8'),
(43, 1, 'Year 9'),
(44, 1, 'Year 10'),
(45, 1, 'Relay Team'),
(46, 2, 'Year 7'),
(47, 2, 'Year 8'),
(48, 2, 'Year 9'),
(49, 2, 'Year 10'),
(50, 2, 'Senior'),
(51, 2, 'Relay Team'),
(52, 3, 'Year 7'),
(53, 3, 'Year 8'),
(54, 3, 'Intermediate'),
(55, 3, 'Senior'),
(56, 3, 'Relay Team');

-- --------------------------------------------------------

--
-- Table structure for table `comtem_teams`
--

DROP TABLE IF EXISTS `comtem_teams`;
CREATE TABLE IF NOT EXISTS `comtem_teams` (
  `t_id` int(10) unsigned NOT NULL AUTO_INCREMENT,
  `ct_id` int(10) unsigned NOT NULL,
  `name` varchar(50) NOT NULL,
  PRIMARY KEY (`t_id`)
) ENGINE=InnoDB  DEFAULT CHARSET=latin1 AUTO_INCREMENT=83 ;

--
-- Dumping data for table `comtem_teams`
--

INSERT INTO `comtem_teams` (`t_id`, `ct_id`, `name`) VALUES
(67, 1, 'Aston'),
(68, 1, 'Camp Hill'),
(69, 1, 'Fairfax'),
(70, 1, 'Five Ways'),
(71, 1, 'Handsworth'),
(72, 1, 'King''s Norton'),
(73, 1, 'Old Swinford Hospital'),
(74, 1, 'Prince Henry''s'),
(75, 2, 'Beaufort'),
(76, 2, 'Howard'),
(77, 2, 'Seymour'),
(78, 2, 'Tudor'),
(79, 3, 'Beaufort'),
(80, 3, 'Howard'),
(81, 3, 'Seymour'),
(82, 3, 'Beaufort');

-- --------------------------------------------------------

--
-- Table structure for table `days`
--

DROP TABLE IF EXISTS `days`;
CREATE TABLE IF NOT EXISTS `days` (
  `d_id` int(10) unsigned NOT NULL AUTO_INCREMENT,
  `name` varchar(50) NOT NULL,
  `year` smallint(5) unsigned NOT NULL DEFAULT '0',
  `max_events_per_competitor` tinyint(3) unsigned NOT NULL,
  `is_active_day` tinyint(1) NOT NULL DEFAULT '0',
  PRIMARY KEY (`d_id`)
) ENGINE=InnoDB  DEFAULT CHARSET=latin1 AUTO_INCREMENT=5 ;

--
-- Dumping data for table `days`
--

INSERT INTO `days` (`d_id`, `name`, `year`, `max_events_per_competitor`, `is_active_day`) VALUES
(2, 'KECHB Athletics 2010', 2010, 2, 0),
(3, 'KECHB Athletics 2011', 2011, 2, 0),
(4, 'KECHB Athletics 2012', 2012, 2, 1);

-- --------------------------------------------------------

--
-- Table structure for table `day_competitors`
--

DROP TABLE IF EXISTS `day_competitors`;
CREATE TABLE IF NOT EXISTS `day_competitors` (
  `c_id` int(10) unsigned NOT NULL AUTO_INCREMENT,
  `d_id` int(10) unsigned NOT NULL,
  `name` varchar(50) NOT NULL,
  `t_id` int(10) unsigned NOT NULL,
  `sub_id` int(10) unsigned NOT NULL,
  PRIMARY KEY (`c_id`)
) ENGINE=InnoDB  DEFAULT CHARSET=latin1 AUTO_INCREMENT=750 ;

--
-- Dumping data for table `day_competitors`
--

INSERT INTO `day_competitors` (`c_id`, `d_id`, `name`, `t_id`, `sub_id`) VALUES
(1, 2, 'W Mather', 10, 6),
(2, 2, 'B Abrahams', 11, 6),
(3, 2, 'A Tassa', 12, 6),
(4, 2, 'Z Tapper-Gray', 13, 6),
(5, 2, 'S Osmani', 14, 6),
(6, 2, 'F Barnes', 15, 6),
(7, 2, 'W Futila', 16, 6),
(8, 2, 'T Andu', 17, 6),
(9, 2, 'J McGoldrick', 10, 6),
(10, 2, 'L McBean', 11, 6),
(11, 2, 'E Walden', 12, 6),
(12, 2, 'L Hines', 13, 6),
(13, 2, 'D Benjamin', 14, 6),
(14, 2, 'H Forty', 15, 6),
(15, 2, 'F Olayide', 17, 6),
(16, 2, 'J Palmer', 10, 6),
(17, 2, 'I Mirej', 11, 6),
(18, 2, 'J Corr', 12, 6),
(19, 2, 'K Lawes', 13, 6),
(20, 2, 'J Palmer', 14, 6),
(21, 2, 'F Hatch', 15, 6),
(22, 2, 'R Mambonzo', 16, 6),
(23, 2, 'J King', 17, 6),
(24, 2, 'W Stride', 10, 6),
(25, 2, 'H James', 11, 6),
(26, 2, 'T Rai', 12, 6),
(27, 2, 'A Thompson', 13, 6),
(28, 2, 'J Jeffers', 14, 6),
(29, 2, 'C Campbell', 16, 6),
(30, 2, 'W Heath', 17, 6),
(31, 2, 'C O''Hare', 10, 6),
(32, 2, 'H Packer', 11, 6),
(33, 2, 'J Webb', 12, 6),
(34, 2, 'E Thompson', 13, 6),
(35, 2, 'H Green', 15, 6),
(36, 2, 'T Neylon', 16, 6),
(37, 2, 'T Emms', 17, 6),
(38, 2, 'F Shah', 12, 6),
(39, 2, 'R Beattie', 13, 6),
(40, 2, 'R Blackwood', 14, 6),
(41, 2, 'W Staley', 15, 6),
(42, 2, 'O Swindells', 17, 6),
(43, 2, 'J Wood', 10, 6),
(44, 2, 'D Wilson', 11, 6),
(45, 2, 'S Ajimal', 12, 6),
(46, 2, 'M Smyj-James', 15, 6),
(47, 2, 'A Sthind', 11, 6),
(48, 2, 'C Brooks', 14, 6),
(49, 2, 'J Gould', 17, 6),
(50, 2, 'W Cutbill', 10, 6),
(51, 2, 'A Howell', 11, 6),
(52, 2, 'Y Gohir', 12, 6),
(53, 2, 'M Ivanowicz', 13, 6),
(54, 2, 'C Taylor', 14, 6),
(55, 2, 'K Wallace', 17, 6),
(56, 2, 'J Briggs', 11, 6),
(57, 2, 'W Blackhurst', 12, 6),
(58, 2, 'C Neville', 13, 6),
(59, 2, 'M Mansaray', 17, 6),
(60, 2, 'C James', 10, 6),
(61, 2, 'G Mitchell', 11, 6),
(62, 2, 'T Wood', 12, 6),
(63, 2, 'C Townsend', 15, 6),
(64, 2, 'O Newell', 17, 6),
(65, 2, 'ARD', 10, 10),
(66, 2, 'AST', 11, 10),
(67, 2, 'CH', 12, 10),
(68, 2, 'FF', 13, 10),
(69, 2, 'HW', 14, 10),
(70, 2, 'KES', 15, 10),
(71, 2, 'OSH', 17, 10),
(72, 2, 'KN', 16, 10),
(73, 2, 'D Hughes', 10, 7),
(74, 2, 'K Hussain', 11, 7),
(75, 2, 'J McDonagh', 12, 7),
(76, 2, 'C W-Hayles', 13, 7),
(77, 2, 'F Rahimi', 14, 7),
(78, 2, 'J Miles', 15, 7),
(79, 2, 'F Okuyiga', 16, 7),
(80, 2, 'J Serrador', 17, 7),
(81, 2, 'B Russell', 10, 7),
(82, 2, 'H Iqbal', 11, 7),
(83, 2, 'J Cullen', 12, 7),
(84, 2, 'G Cleet', 13, 7),
(85, 2, 'R Irish', 14, 7),
(86, 2, 'A Peterson', 15, 7),
(87, 2, 'L Coddrington', 16, 7),
(88, 2, 'R Scott-Young', 17, 7),
(89, 2, 'M Thomas', 10, 7),
(90, 2, 'A Abdulhadi', 11, 7),
(91, 2, 'D Yate', 12, 7),
(92, 2, 'L Bigwood', 13, 7),
(93, 2, 'D Fawlett', 15, 7),
(94, 2, 'L Bird', 16, 7),
(95, 2, 'O Williams', 17, 7),
(96, 2, 'K O''Hair', 10, 7),
(97, 2, 'M Bean', 11, 7),
(98, 2, 'J Bruten', 12, 7),
(99, 2, 'J Duggan', 13, 7),
(100, 2, 'J West-Gomila', 14, 7),
(101, 2, 'O Parker', 15, 7),
(102, 2, 'G Griffiths', 16, 7),
(103, 2, 'L Bacchus', 17, 7),
(104, 2, 'A Mitchell', 10, 7),
(105, 2, 'W Davis', 11, 7),
(106, 2, 'O Paulin', 12, 7),
(107, 2, 'J Wilson', 13, 7),
(108, 2, 'N Davis', 15, 7),
(109, 2, 'G While', 16, 7),
(110, 2, 'J Catley', 17, 7),
(111, 2, 'M Jones', 10, 7),
(112, 2, 'R Thai', 11, 7),
(113, 2, 'A Sandhu', 12, 7),
(114, 2, 'D Thompson', 14, 7),
(115, 2, 'D Ndukwe', 15, 7),
(116, 2, 'M Ovberedja', 17, 7),
(117, 2, 'L Brown', 10, 7),
(118, 2, 'P Beckett', 12, 7),
(119, 2, 'C Bird', 16, 7),
(120, 2, 'J Gavigan', 10, 7),
(121, 2, 'S Sangar', 11, 7),
(122, 2, 'S England', 12, 7),
(123, 2, 'L Johnson', 14, 7),
(124, 2, 'P Gedbey', 10, 7),
(125, 2, 'A Ismail', 12, 7),
(126, 2, 'J Wheeler', 17, 7),
(127, 2, 'J Harper', 10, 7),
(128, 2, 'R Weaver', 11, 7),
(129, 2, 'C Hunt', 13, 7),
(130, 2, 'P Gopsill', 15, 7),
(131, 2, 'J Sargent', 17, 7),
(132, 2, 'M Breslin', 10, 8),
(133, 2, 'J Harris', 11, 8),
(134, 2, 'K Reed', 12, 8),
(135, 2, 'A Spinks', 13, 8),
(136, 2, 'T Maahi', 14, 8),
(137, 2, 'D Dinnes', 15, 8),
(138, 2, 'M Brogna', 16, 8),
(139, 2, 'F Baidoo', 17, 8),
(140, 2, 'B Rollason', 10, 8),
(141, 2, 'R David-Watts', 11, 8),
(142, 2, 'A Barwani-Rai', 12, 8),
(143, 2, 'D Burden', 13, 8),
(144, 2, 'C Winters', 14, 8),
(145, 2, 'T Yates', 15, 8),
(146, 2, 'J Ringland', 16, 8),
(147, 2, 'P Andu', 17, 8),
(148, 2, 'J Davis', 10, 8),
(149, 2, 'J Plant', 11, 8),
(150, 2, 'L Hedges', 12, 8),
(151, 2, 'S Rhodes', 13, 8),
(152, 2, 'E Griffiths', 14, 8),
(153, 2, 'A Gill', 15, 8),
(154, 2, 'C Currinn', 16, 8),
(155, 2, 'S Bill', 17, 8),
(156, 2, 'J Ward', 10, 8),
(157, 2, 'C Upson', 11, 8),
(158, 2, 'T Murphy', 12, 8),
(159, 2, 'K Henderson', 13, 8),
(160, 2, 'J Foley', 14, 8),
(161, 2, 'W Dixon', 15, 8),
(162, 2, 'T Gross', 16, 8),
(163, 2, 'B Williamson', 17, 8),
(164, 2, 'D Mladenovic', 10, 8),
(165, 2, 'E Harrison', 11, 8),
(166, 2, 'C Song', 12, 8),
(167, 2, 'J Hughes', 13, 8),
(168, 2, 'R Mike', 14, 8),
(169, 2, 'T Dyble', 15, 8),
(170, 2, 'J Obosi', 17, 8),
(171, 2, 'A Famutimi', 13, 8),
(172, 2, 'V C-Thirumalesh', 14, 8),
(173, 2, 'J Tilford', 15, 8),
(174, 2, 'M Kisubi', 17, 8),
(175, 2, 'C Sabin', 11, 8),
(176, 2, 'L Culling', 13, 8),
(177, 2, 'M Seaton', 10, 8),
(178, 2, 'J Attach', 17, 8),
(179, 2, 'B Morris', 10, 8),
(180, 2, 'T Goddard', 11, 8),
(181, 2, 'P Bhambra', 12, 8),
(182, 2, 'P Davis', 13, 8),
(183, 2, 'T Maahi', 14, 8),
(184, 2, 'J Feek', 17, 8),
(185, 2, 'M Saunders', 10, 8),
(186, 2, 'J Young', 11, 8),
(187, 2, 'N Phull', 12, 8),
(188, 2, 'A Reid', 13, 8),
(189, 2, 'H Gulfraz', 14, 8),
(190, 2, 'S Smith', 17, 8),
(191, 2, 'H Stevens', 10, 8),
(192, 2, 'P Bradley', 15, 8),
(193, 2, 'J Freeman', 17, 8),
(194, 2, 'R May', 10, 9),
(195, 2, 'K P-Falloner', 11, 9),
(196, 2, 'Z Al-Shammary', 12, 9),
(197, 2, 'F Famutimi', 13, 9),
(198, 2, 'J Ferarone-Smith', 14, 9),
(199, 2, 'T Dyson', 15, 9),
(200, 2, 'M Fatilla', 16, 9),
(201, 2, 'K Asante', 17, 9),
(202, 2, 'N Lawrence', 10, 9),
(203, 2, 'G Davidson', 11, 9),
(204, 2, 'T Kostuch', 12, 9),
(205, 2, 'K Yee', 13, 9),
(206, 2, 'K Hewitt', 14, 9),
(207, 2, 'J Mbh', 15, 9),
(208, 2, 'A Morris', 16, 9),
(209, 2, 'A Chikosi', 17, 9),
(210, 2, 'B Harmitt', 10, 9),
(211, 2, 'J Punting', 11, 9),
(212, 2, 'W Higgins', 12, 9),
(213, 2, 'M Bigwood', 13, 9),
(214, 2, 'L Rattigan', 14, 9),
(215, 2, 'E Land', 15, 9),
(216, 2, 'C Barker', 16, 9),
(217, 2, 'J Deakin', 17, 9),
(218, 2, 'H Stevens', 10, 9),
(219, 2, 'L Stewart', 11, 9),
(220, 2, 'H Jones', 12, 9),
(221, 2, 'K Fleming', 13, 9),
(222, 2, 'O Ali', 14, 9),
(223, 2, 'C Taylor', 15, 9),
(224, 2, 'B Salsby', 17, 9),
(225, 2, 'J Nolan', 11, 9),
(226, 2, 'J Giblin', 12, 9),
(227, 2, 'T Larcombe', 13, 9),
(228, 2, 'S Hunter', 14, 9),
(229, 2, 'C Hanlon', 15, 9),
(230, 2, 'G Holiday', 17, 9),
(231, 2, 'M Stott', 10, 9),
(232, 2, 'J Thomas', 12, 9),
(233, 2, 'T McCalla', 14, 9),
(234, 2, 'S Heaton', 17, 9),
(235, 2, 'B Russell', 10, 9),
(236, 2, 'J Ringland', 16, 9),
(237, 2, 'E Attah', 17, 9),
(238, 2, 'R Ellis', 11, 9),
(239, 2, 'W Richardson', 17, 9),
(240, 2, 'T Eraifej', 12, 9),
(241, 2, 'J Savage', 13, 9),
(242, 2, 'V C-Thirumalesh', 14, 9),
(243, 2, 'N Edmonds', 15, 9),
(244, 2, 'J Harbourne', 17, 9),
(245, 2, 'B Rollason', 10, 9),
(246, 2, 'K Hussain', 11, 9),
(247, 2, 'R Luscombe', 12, 9),
(248, 2, 'L Beizsley', 13, 9),
(249, 2, 'R Mike', 14, 9),
(250, 2, 'L Hodges', 15, 9),
(251, 2, 'J Bryan', 17, 9),
(252, 2, 'D Harmett', 10, 9),
(253, 2, 'J John', 11, 9),
(254, 2, 'U Ahmed', 12, 9),
(255, 2, 'R Murphy', 13, 9),
(256, 2, 'M Hunt', 15, 9),
(257, 2, 'R Harris', 17, 9),
(258, 3, 'A Sandbird', 18, 11),
(259, 3, 'Z Amjad', 19, 11),
(260, 3, 'C Steel', 20, 11),
(261, 3, 'A Thakral', 21, 11),
(262, 3, 'M Price', 22, 11),
(263, 3, 'D Hollingshead', 23, 11),
(264, 3, 'J Spalding', 24, 11),
(265, 3, 'L Abduhu', 25, 11),
(266, 3, 'A Blackburn', 18, 11),
(267, 3, 'J Lloyd', 19, 11),
(268, 3, 'V Pirozek', 20, 11),
(269, 3, 'T Haddon', 21, 11),
(270, 3, 'M Brindley', 22, 11),
(271, 3, 'R Lawrence', 23, 11),
(272, 3, 'G Lorenzo', 24, 11),
(273, 3, 'D Adekeye', 25, 11),
(274, 3, 'O Russell', 18, 11),
(275, 3, 'A Hockly', 19, 11),
(276, 3, 'A Kingston', 20, 11),
(277, 3, 'I Silvestro', 21, 11),
(278, 3, 'S Gee', 22, 11),
(279, 3, 'S Finney', 25, 11),
(280, 3, 'B Crichton', 18, 11),
(281, 3, 'B Mitchell', 19, 11),
(282, 3, 'E Connolly', 20, 11),
(283, 3, 'A Hughes', 21, 11),
(284, 3, 'H Morris', 22, 11),
(285, 3, 'N Goha', 23, 11),
(286, 3, 'T Davies', 24, 11),
(287, 3, 'F Meredith', 25, 11),
(288, 3, 'H Barton', 18, 11),
(289, 3, 'G T-Greenwood', 19, 11),
(290, 3, 'C Walker', 20, 11),
(291, 3, 'B McHenry', 21, 11),
(292, 3, 'T Russel', 22, 11),
(293, 3, 'J Feiven', 23, 11),
(294, 3, 'H Gee-Nahal', 25, 11),
(295, 3, 'S Savant', 19, 11),
(296, 3, 'L Evans', 20, 11),
(297, 3, 'J Daniel', 22, 11),
(298, 3, 'J Nash', 25, 11),
(299, 3, 'M Hawtin', 19, 11),
(300, 3, 'B Chapman', 20, 11),
(301, 3, 'C Hale', 22, 11),
(302, 3, 'J Campbell', 23, 11),
(303, 3, 'A Hollis', 25, 11),
(304, 3, 'J Pegg', 19, 11),
(305, 3, 'A Kavalieros', 20, 11),
(306, 3, 'C Steel', 21, 11),
(307, 3, 'S Griffiths', 23, 11),
(308, 3, 'S Bird', 18, 11),
(309, 3, 'S Jackson', 19, 11),
(310, 3, 'A Paulin', 20, 11),
(311, 3, 'H Houlden', 21, 11),
(312, 3, 'C Clarke', 23, 11),
(313, 3, 'C Beckett', 25, 11),
(314, 3, 'Ben Chiping', 19, 11),
(315, 3, 'T Weaver', 20, 11),
(316, 3, 'A Kingston', 21, 11),
(317, 3, 'J Cleet', 22, 11),
(318, 3, 'R Yates', 23, 11),
(319, 3, 'C Wright', 25, 11),
(320, 3, 'A King', 18, 11),
(321, 3, 'H Bayliss', 19, 11),
(322, 3, 'J Fleming', 20, 11),
(323, 3, 'J Mukherjee', 21, 11),
(324, 3, 'J Wells', 22, 11),
(325, 3, 'R MacDonald', 25, 11),
(326, 3, 'ARD', 18, 15),
(327, 3, 'AST', 19, 15),
(328, 3, 'CH-A', 20, 15),
(329, 3, 'CH-B', 21, 15),
(330, 3, 'FF', 22, 15),
(331, 3, 'HW', 23, 15),
(332, 3, 'KN', 24, 15),
(333, 3, 'OSH', 25, 15),
(334, 3, 'J Wood', 18, 12),
(335, 3, 'B Abrahams', 19, 12),
(336, 3, 'E Walden', 20, 12),
(337, 3, 'N Islam', 21, 12),
(338, 3, 'R Beattie', 22, 12),
(339, 3, 'C Taylor', 23, 12),
(340, 3, 'F Del Rosarir', 24, 12),
(341, 3, 'T Coker', 25, 12),
(342, 3, 'T While', 18, 12),
(343, 3, 'A Howell', 19, 12),
(344, 3, 'A Tassa', 20, 12),
(345, 3, 'A Sohan-Pall', 21, 12),
(346, 3, 'Z Tapper', 22, 12),
(347, 3, 'S Osmani', 23, 12),
(348, 3, 'F Olayide', 25, 12),
(349, 3, 'H Iqbal', 19, 13),
(350, 3, 'J McDonagh', 20, 13),
(351, 3, 'A Raza-Ismail', 21, 13),
(352, 3, 'L Balint', 22, 13),
(353, 3, 'R Irish', 23, 13),
(354, 3, 'J Serrador', 25, 13),
(355, 3, 'G Organ', 26, 13),
(356, 3, 'F Islam', 19, 12),
(357, 3, 'S Ajimal', 20, 12),
(358, 3, 'W Houlden', 21, 12),
(359, 3, 'K Lawes', 22, 12),
(360, 3, 'M Mandeir', 23, 12),
(361, 3, 'W Futila', 24, 12),
(362, 3, 'J Ho', 25, 12),
(363, 3, 'T Davidson', 19, 12),
(364, 3, 'W Blackhurst', 20, 12),
(365, 3, 'T Rai', 21, 12),
(366, 3, 'M Iwanowicz', 22, 12),
(367, 3, 'J Jeffers', 23, 12),
(368, 3, 'A Kieth', 24, 12),
(369, 3, 'B Gordon', 25, 12),
(370, 3, 'K Vadukal', 19, 12),
(371, 3, 'A Bhambra', 20, 12),
(372, 3, 'T Wood', 21, 12),
(373, 3, 'E Thompson', 22, 12),
(374, 3, 'T Neylon', 24, 12),
(375, 3, 'T Emms', 25, 12),
(376, 3, 'A Mazu', 19, 12),
(377, 3, 'A Sohan-Pall', 20, 12),
(378, 3, 'F Shah', 21, 12),
(379, 3, 'L Hines', 22, 12),
(380, 3, 'J Palmer', 23, 12),
(381, 3, 'C Bissett', 24, 12),
(382, 3, 'H Jackie', 25, 12),
(383, 3, 'J Green', 19, 12),
(384, 3, 'E Saunders', 20, 12),
(385, 3, 'L Russell', 22, 12),
(386, 3, 'M Nembhard', 23, 12),
(387, 3, 'J Bridgman', 24, 12),
(388, 3, 'O Mann', 25, 12),
(389, 3, 'P Routledge', 18, 12),
(390, 3, 'A Tassa', 21, 12),
(391, 3, 'D Jones', 24, 12),
(392, 3, 'J Gould', 25, 12),
(393, 3, 'W Cutbill', 18, 12),
(394, 3, 'A Bennett', 19, 12),
(395, 3, 'D Paver', 21, 12),
(396, 3, 'D Brown', 24, 12),
(397, 3, 'W Okoye', 25, 12),
(398, 3, 'J Briggs', 19, 12),
(399, 3, 'N Ali', 21, 12),
(400, 3, 'C Neville', 22, 12),
(401, 3, 'R Manbonzo', 24, 12),
(402, 3, 'J Smith', 25, 12),
(403, 3, 'L McBean', 19, 12),
(404, 3, 'W Holden', 20, 12),
(405, 3, 'L Coulson', 22, 12),
(406, 3, 'K Brooks', 23, 12),
(407, 3, 'I Miller', 19, 13),
(408, 3, 'M Lord', 20, 13),
(409, 3, 'A Zhang', 21, 13),
(410, 3, 'R Francis', 22, 13),
(411, 3, 'T Samota', 23, 13),
(412, 3, 'R Scott-Young', 25, 13),
(413, 3, 'M Roberts-Ellis', 26, 13),
(414, 3, 'M Thomas', 18, 13),
(415, 3, 'A Abulahadi', 19, 13),
(416, 3, 'D Yate', 20, 13),
(417, 3, 'K Qayum', 21, 13),
(418, 3, 'L Bigwood', 22, 13),
(419, 3, 'N Fard', 25, 13),
(420, 3, 'J Brown', 26, 13),
(421, 3, 'T Williams', 19, 13),
(422, 3, 'J Bruten', 20, 13),
(423, 3, 'F Griffith', 21, 13),
(424, 3, 'J Wilson', 22, 13),
(425, 3, 'T Hunt', 23, 13),
(426, 3, 'D Bill', 25, 13),
(427, 3, 'A Tomkotowicz', 26, 13),
(428, 3, 'H Ahmed', 19, 14),
(429, 3, 'K Reed', 20, 14),
(430, 3, 'J Hamid', 21, 14),
(431, 3, 'S Neal', 22, 14),
(432, 3, 'S Mason', 23, 14),
(433, 3, 'P Amdu', 25, 14),
(434, 3, 'S Brain', 26, 14),
(435, 3, 'W Davies', 19, 13),
(436, 3, 'O Paulin', 20, 13),
(437, 3, 'O Whitfield', 21, 13),
(438, 3, 'J Young-Man', 22, 13),
(439, 3, 'A Dawati', 23, 13),
(440, 3, 'L Bacchus', 25, 13),
(441, 3, 'L Williamson', 26, 13),
(442, 3, 'R Davies-Watts', 19, 14),
(443, 3, 'D Miller', 20, 14),
(444, 3, 'A Barwani-Rai', 21, 14),
(445, 3, 'L Culling', 22, 14),
(446, 3, 'J Rafter', 25, 14),
(447, 3, 'J Goodhall', 26, 14),
(448, 3, 'M Gardener', 18, 13),
(449, 3, 'K Naseem', 19, 13),
(450, 3, 'A Sandhu', 20, 13),
(451, 3, 'J Cullen', 21, 13),
(452, 3, 'D Thompson', 23, 13),
(453, 3, 'M Ovberedto', 25, 13),
(454, 3, 'M Bean', 19, 13),
(455, 3, 'A Ismail', 21, 13),
(456, 3, 'K Higgins', 23, 13),
(457, 3, 'J Holiday', 25, 13),
(458, 3, 'M Hussain', 19, 13),
(459, 3, 'M Lord', 21, 13),
(460, 3, 'D Nembhard', 23, 13),
(461, 3, 'T Fenney', 26, 13),
(462, 3, 'K Sandford', 19, 14),
(463, 3, 'L Hedges', 20, 14),
(464, 3, 'G Bates', 21, 14),
(465, 3, 'O Clanic', 22, 14),
(466, 3, 'E Griffiths', 23, 14),
(467, 3, 'K James', 25, 14),
(468, 3, 'I Hargreaves', 26, 14),
(469, 3, 'J Gavigan', 18, 13),
(470, 3, 'V Vu', 19, 13),
(471, 3, 'S England', 20, 13),
(472, 3, 'M Chaudry', 21, 13),
(473, 3, 'G Cleet', 22, 13),
(474, 3, 'G Organ', 26, 13),
(475, 3, 'A Elliot', 20, 13),
(476, 3, 'J Bruten', 21, 13),
(477, 3, 'A Wilkinson', 25, 13),
(478, 3, 'T Johnson', 26, 13),
(479, 3, 'C Upson', 19, 14),
(480, 3, 'A Atack', 20, 14),
(481, 3, 'T Murphy', 21, 14),
(482, 3, 'J Hughes', 22, 14),
(483, 3, 'W Chellamal', 23, 14),
(484, 3, 'J Willis', 25, 14),
(485, 3, 'N Griffin', 26, 14),
(486, 3, 'J Harper', 18, 13),
(487, 3, 'R Weaver', 19, 13),
(488, 3, 'A Khan', 20, 13),
(489, 3, 'A Elliot', 21, 13),
(490, 3, 'J Mason', 22, 13),
(491, 3, 'L Johnson', 23, 13),
(492, 3, 'J Catley', 25, 13),
(493, 3, 'M Ellis', 26, 13),
(494, 3, 'PH', 26, 15),
(495, 3, 'G Wager', 19, 14),
(496, 3, 'C Song', 20, 14),
(497, 3, 'B Connelly', 21, 14),
(498, 3, 'D James', 22, 14),
(499, 3, 'V Patel', 23, 14),
(500, 3, 'J Obosi', 25, 14),
(501, 3, 'M Camp', 26, 14),
(502, 3, 'J Gavigan', 18, 14),
(503, 3, 'T Nguyen', 19, 14),
(504, 3, 'G Bates', 20, 14),
(505, 3, 'A Atack', 21, 14),
(506, 3, 'K Parke', 25, 14),
(507, 3, 'J Hargreaves', 26, 14),
(508, 3, 'C Sabin', 19, 14),
(509, 3, 'C Winters', 23, 14),
(510, 3, 'D Jones', 26, 14),
(511, 3, 'J Plant', 19, 14),
(512, 3, 'S Guesfold', 22, 14),
(513, 3, 'J Foley', 23, 14),
(514, 3, 'J Attah', 25, 14),
(515, 3, 'T Soddard', 19, 14),
(516, 3, 'R Rayment', 20, 14),
(517, 3, 'S Takher', 21, 14),
(518, 3, 'J Allen', 23, 14),
(519, 3, 'J Feek', 25, 14),
(520, 3, 'C Greatix', 26, 14),
(521, 3, 'J Young', 19, 14),
(522, 3, 'N Phull', 21, 14),
(523, 3, 'J Clarke', 22, 14),
(524, 3, 'H Gulfraz', 23, 14),
(525, 3, 'S Smith', 25, 14),
(526, 3, 'M Harris', 26, 14),
(527, 3, 'C Healey', 19, 14),
(528, 3, 'B Conolly', 20, 14),
(529, 3, 'R Thomas', 21, 14),
(530, 3, 'K Ali', 23, 14),
(531, 3, 'H Taylor', 25, 14),
(532, 3, 'J Gisbourne', 26, 14),
(533, 4, 'AST', 27, 20),
(534, 4, 'CH', 28, 20),
(535, 4, 'FF', 29, 20),
(536, 4, 'HW', 31, 20),
(537, 4, 'KN', 32, 20),
(538, 4, 'OSH', 33, 20),
(539, 4, 'PH', 34, 20),
(540, 4, 'B Mitchell', 27, 17),
(541, 4, 'I Silvestro', 28, 17),
(542, 4, 'B Jamieson', 29, 17),
(543, 4, 'O Dighton', 30, 17),
(544, 4, 'J Feiven', 31, 17),
(545, 4, 'F Brogna', 32, 17),
(546, 4, 'F Meredith', 33, 17),
(547, 4, 'I Ellis', 27, 16),
(548, 4, 'D Hill', 28, 16),
(549, 4, 'S Lake', 29, 16),
(550, 4, 'I Najabat', 30, 16),
(551, 4, 'G Morris', 31, 16),
(552, 4, 'M McDonald', 32, 16),
(553, 4, 'H Price', 33, 16),
(554, 4, 'M Hussain', 27, 19),
(555, 4, 'J Bruten', 28, 19),
(556, 4, 'J Wilson', 29, 19),
(557, 4, 'H Murdoch', 33, 19),
(558, 4, 'T Brooks', 34, 19),
(559, 4, 'J Morris', 27, 18),
(560, 4, 'D Paver', 28, 18),
(561, 4, 'H Bamber', 29, 18),
(562, 4, 'A Chima', 31, 18),
(563, 4, 'L Bush', 33, 18),
(564, 4, 'L Williams', 34, 18),
(565, 4, 'M Bean', 27, 19),
(566, 4, 'H Wells', 28, 19),
(567, 4, 'J Mason', 29, 19),
(568, 4, 'J Mills', 30, 19),
(569, 4, 'L Bacchus', 33, 19),
(570, 4, 'C Evans', 34, 19),
(571, 4, 'J Mukherjee', 28, 17),
(572, 4, 'J Cleet', 29, 17),
(573, 4, 'A Ahmed', 30, 17),
(574, 4, 'S Gillani', 31, 17),
(575, 4, 'J Kelly', 33, 17),
(576, 4, 'A Roberts-Gray', 27, 19),
(577, 4, 'A Elliott', 28, 19),
(578, 4, 'K Delaney', 29, 19),
(579, 4, 'R Irish', 31, 19),
(580, 4, 'A Wilkinson', 33, 19),
(581, 4, 'T Johnson', 34, 19),
(583, 4, 'A Bhambra', 28, 18),
(584, 4, 'C Hornby', 29, 18),
(585, 4, 'E Bell', 30, 18),
(586, 4, 'J Palmer', 31, 18),
(587, 4, 'J Iqbal', 33, 18),
(588, 4, 'E Roberts-Ellis', 34, 18),
(589, 4, 'M Ikhlaq', 27, 16),
(590, 4, 'S Annadate', 28, 16),
(591, 4, 'L Lawrence', 29, 16),
(592, 4, 'T Cox', 30, 16),
(593, 4, 'S Mehmood', 31, 16),
(594, 4, 'S Jones', 32, 16),
(595, 4, 'C Hilliard', 33, 16),
(596, 4, 'S Savant', 27, 17),
(597, 4, 'C Steel', 28, 17),
(598, 4, 'M Price', 29, 17),
(599, 4, 'K Alex', 30, 17),
(600, 4, 'R Lawrence', 31, 17),
(601, 4, 'J Jordan', 32, 17),
(602, 4, 'L Abudu', 33, 17),
(603, 4, 'L McBean', 27, 18),
(604, 4, 'J Webb', 28, 18),
(605, 4, 'C Neville', 29, 18),
(606, 4, 'M Noxolo', 30, 18),
(607, 4, 'S Osmani', 31, 18),
(608, 4, 'J Gould', 33, 18),
(609, 4, 'T Walker', 34, 18),
(610, 4, 'I Miller', 27, 19),
(611, 4, 'J McDonagh', 28, 19),
(612, 4, 'R Graham', 29, 19),
(613, 4, 'R Scott-Young', 33, 19),
(614, 4, 'B Abrahams', 27, 18),
(615, 4, 'E Walden', 28, 18),
(616, 4, 'L Russell', 29, 18),
(617, 4, 'H Mudher', 30, 18),
(618, 4, 'T Thorpe', 31, 18),
(619, 4, 'T Cokers', 33, 18),
(620, 4, 'H Stephenson', 34, 18),
(621, 4, 'S Sanger', 27, 19),
(622, 4, 'S England', 28, 19),
(623, 4, 'L Johnson', 31, 19),
(624, 4, 'L Bednarec', 34, 19),
(625, 4, 'M Oxley', 27, 16),
(626, 4, 'D Charlesworth', 28, 16),
(627, 4, 'C Joyce', 29, 16),
(628, 4, 'O Beighton', 30, 16),
(629, 4, 'K Ho', 31, 16),
(630, 4, 'K James', 33, 16),
(631, 4, 'A Tassa', 28, 18),
(632, 4, 'J Yap', 30, 18),
(633, 4, 'C Taylor', 31, 18),
(634, 4, 'O Mann', 33, 18),
(635, 4, 'Z Amjad', 27, 17),
(636, 4, 'A Kingston', 28, 17),
(637, 4, 'L Brindley', 29, 17),
(638, 4, 'T Dodd', 30, 17),
(639, 4, 'S Underwood', 32, 17),
(640, 4, 'D Moore', 33, 17),
(641, 4, 'J Briggs', 27, 18),
(642, 4, 'S Rahim', 28, 18),
(643, 4, 'C Notley', 29, 18),
(644, 4, 'P Gardner', 30, 18),
(645, 4, 'D Okoye', 33, 18),
(646, 4, 'J Howe', 34, 18),
(647, 4, 'S Kalsi', 27, 16),
(648, 4, 'J Bechelf', 28, 16),
(649, 4, 'J Evans', 29, 16),
(650, 4, 'W Arnold', 30, 16),
(651, 4, 'J Wade', 32, 16),
(652, 4, 'B Truman', 33, 16),
(653, 4, 'L Evans', 28, 17),
(654, 4, 'S Gee', 29, 17),
(655, 4, 'B Bola', 31, 17),
(656, 4, 'S Carson', 32, 17),
(657, 4, 'A Devaal', 33, 17),
(658, 4, 'F Islam', 27, 18),
(659, 4, 'W Blackhurst', 28, 18),
(660, 4, 'T Ladipo', 33, 18),
(661, 4, 'A Abdulhadi', 27, 19),
(662, 4, 'L Bigwood', 29, 19),
(663, 4, 'A Kettle', 33, 19),
(664, 4, 'M Roberts-Ellis', 34, 19),
(665, 4, 'A Soyannuo', 27, 16),
(666, 4, 'N Surr', 28, 16),
(667, 4, 'H Acancon', 29, 16),
(668, 4, 'H Knight', 30, 16),
(669, 4, 'J Lill', 31, 16),
(670, 4, 'A Lucas', 33, 16),
(671, 4, 'B Chipping', 27, 17),
(672, 4, 'E Connolly', 28, 17),
(673, 4, 'J Wells', 29, 17),
(674, 4, 'A Mumtaz', 31, 17),
(675, 4, 'C Wright', 33, 17),
(676, 4, 'J Bostock', 27, 16),
(677, 4, 'R Hayer', 28, 16),
(678, 4, 'J Ogunya', 31, 16),
(679, 4, 'O Lawrence', 33, 16),
(680, 4, 'J Lloyd', 27, 17),
(681, 4, 'D Cooper', 30, 17),
(682, 4, 'A Akhtar', 27, 16),
(683, 4, 'J Hayton', 28, 16),
(684, 4, 'T Andrews', 29, 16),
(685, 4, 'K Wright', 30, 16),
(686, 4, 'G Thompson-Smith', 31, 16),
(687, 4, 'D Fullerton', 32, 16),
(688, 4, 'J Taylor', 33, 16),
(689, 4, 'A Chohan', 28, 17),
(690, 4, 'R Brindley', 29, 17),
(691, 4, 'C Killeen', 30, 17),
(692, 4, 'R Mahal', 31, 17),
(693, 4, 'J Spears', 32, 17),
(694, 4, 'D Adekye', 33, 17),
(695, 4, 'J Knight', 30, 16),
(696, 4, 'S Hennessy-Priest', 32, 16),
(697, 4, 'S Gundry', 33, 16),
(698, 4, 'A Howell', 27, 18),
(699, 4, 'N Ali', 28, 18),
(700, 4, 'M Iwanowicz', 29, 18),
(701, 4, 'F Olayide', 33, 18),
(702, 4, 'W Hakesley', 34, 18),
(703, 4, 'A Ismail', 28, 19),
(704, 4, 'L Balint', 29, 19),
(705, 4, 'J Wiggan', 33, 19),
(706, 4, 'L Gardiner', 34, 19),
(707, 4, 'C Fraser', 33, 16),
(708, 4, 'T Coker', 33, 19),
(709, 4, 'R Weaver', 27, 19),
(710, 4, 'A Khan', 28, 19),
(711, 4, 'M Sahonta', 27, 17),
(712, 4, 'H Morris', 29, 17),
(713, 4, 'J Johnson', 32, 17),
(714, 4, 'B Woodman', 33, 17),
(715, 4, 'J Palmer', 31, 19),
(716, 4, 'N Grean', 27, 17),
(717, 4, 'H Houldon', 28, 17),
(718, 4, 'M Brindley', 29, 17),
(719, 4, 'J Green', 27, 18),
(720, 4, 'W Houlden', 28, 18),
(721, 4, 'J Brent', 30, 18),
(722, 4, 'J Smith', 33, 18),
(723, 4, 'S Ajimal', 28, 18),
(724, 4, 'J Bell', 30, 18),
(725, 4, 'K Batmija', 33, 18),
(726, 4, 'A Soyannwo', 27, 16),
(727, 4, 'T Mansfield', 28, 16),
(728, 4, 'O Madden', 29, 16),
(729, 4, 'P Shioleftou', 30, 16),
(730, 4, 'K Sanghera', 31, 16),
(731, 4, 'G Walsh', 32, 16),
(732, 4, 'G Watkins', 33, 16),
(733, 4, 'G Greenwood', 27, 17),
(734, 4, 'H Gee-Nahal', 33, 17),
(735, 4, 'W Davis', 27, 19),
(736, 4, 'O Paulin', 28, 19),
(737, 4, 'J Youngman', 29, 19),
(738, 4, 'D Bill', 33, 19),
(739, 4, 'A Phillips', 34, 19),
(740, 4, 'FW', 30, 20),
(741, 4, 'B Runciman', 29, 16),
(742, 4, 'C Wright', 30, 16),
(743, 4, 'E Thompson-Smith', 31, 16),
(744, 4, 'K Spence', 30, 18),
(745, 4, 'L Dass', 31, 18),
(746, 4, 'J Ho', 33, 18),
(747, 4, 'K Naseem', 27, 19),
(748, 4, 'A Sandhu', 28, 19),
(749, 4, 'W Trinner', 33, 19);

-- --------------------------------------------------------

--
-- Table structure for table `day_events`
--

DROP TABLE IF EXISTS `day_events`;
CREATE TABLE IF NOT EXISTS `day_events` (
  `e_id` int(10) unsigned NOT NULL AUTO_INCREMENT,
  `d_id` int(10) unsigned NOT NULL,
  `name` varchar(50) NOT NULL,
  `ss_id` int(10) unsigned NOT NULL,
  `counts_to_limit` tinyint(1) NOT NULL DEFAULT '1',
  `scoring_status` enum('not_done','done_wrong','done_correct') NOT NULL DEFAULT 'not_done',
  PRIMARY KEY (`e_id`)
) ENGINE=InnoDB  DEFAULT CHARSET=latin1 AUTO_INCREMENT=193 ;

--
-- Dumping data for table `day_events`
--

INSERT INTO `day_events` (`e_id`, `d_id`, `name`, `ss_id`, `counts_to_limit`, `scoring_status`) VALUES
(49, 2, 'Year 7 100 metres', 4, 1, 'done_correct'),
(50, 2, 'Year 7 200 metres', 4, 1, 'done_correct'),
(51, 2, 'Year 7 400 metres', 4, 1, 'done_correct'),
(52, 2, 'Year 7 800 metres', 4, 1, 'done_correct'),
(53, 2, 'Year 7 1500 metres', 4, 1, 'done_correct'),
(54, 2, 'Year 7 High Jump', 5, 1, 'done_correct'),
(55, 2, 'Year 7 Long Jump', 5, 1, 'done_correct'),
(56, 2, 'Year 7 Triple Jump', 5, 1, 'done_correct'),
(57, 2, 'Year 7 Shot', 5, 1, 'done_correct'),
(58, 2, 'Year 7 Discus', 5, 1, 'done_correct'),
(59, 2, 'Year 7 Javelin', 5, 1, 'done_correct'),
(60, 2, 'Year 7 Relay', 6, 0, 'done_correct'),
(61, 2, 'Year 8 100 metres', 4, 1, 'done_correct'),
(62, 2, 'Year 8 200 metres', 4, 1, 'done_correct'),
(63, 2, 'Year 8 400 metres', 4, 1, 'done_correct'),
(64, 2, 'Year 8 800 metres', 4, 1, 'done_correct'),
(65, 2, 'Year 8 1500 metres', 4, 1, 'done_correct'),
(66, 2, 'Year 8 High Jump', 5, 1, 'done_correct'),
(67, 2, 'Year 8 Long Jump', 5, 1, 'done_correct'),
(68, 2, 'Year 8 Triple Jump', 5, 1, 'done_correct'),
(69, 2, 'Year 8 Shot', 5, 1, 'done_correct'),
(70, 2, 'Year 8 Discus', 5, 1, 'done_correct'),
(71, 2, 'Year 8 Javelin', 5, 1, 'done_correct'),
(72, 2, 'Year 8 Relay', 6, 0, 'done_correct'),
(73, 2, 'Year 9 100 metres', 4, 1, 'done_correct'),
(74, 2, 'Year 9 200 metres', 4, 1, 'done_correct'),
(75, 2, 'Year 9 400 metres', 4, 1, 'done_correct'),
(76, 2, 'Year 9 800 metres', 4, 1, 'done_correct'),
(77, 2, 'Year 9 1500 metres', 4, 1, 'done_correct'),
(78, 2, 'Year 9 High Jump', 5, 1, 'done_correct'),
(79, 2, 'Year 9 Long Jump', 5, 1, 'done_correct'),
(80, 2, 'Year 9 Triple Jump', 5, 1, 'done_correct'),
(81, 2, 'Year 9 Shot', 5, 1, 'done_correct'),
(82, 2, 'Year 9 Discus', 5, 1, 'done_correct'),
(83, 2, 'Year 9 Javelin', 5, 1, 'done_correct'),
(84, 2, 'Year 9 Relay', 6, 0, 'done_correct'),
(85, 2, 'Year 10 100 metres', 4, 1, 'done_correct'),
(86, 2, 'Year 10 200 metres', 4, 1, 'done_correct'),
(87, 2, 'Year 10 400 metres', 4, 1, 'done_correct'),
(88, 2, 'Year 10 800 metres', 4, 1, 'done_correct'),
(89, 2, 'Year 10 1500 metres', 4, 1, 'done_correct'),
(90, 2, 'Year 10 High Jump', 5, 1, 'done_correct'),
(91, 2, 'Year 10 Long Jump', 5, 1, 'done_correct'),
(92, 2, 'Year 10 Triple Jump', 5, 1, 'done_correct'),
(93, 2, 'Year 10 Shot', 5, 1, 'done_correct'),
(94, 2, 'Year 10 Discus', 5, 1, 'done_correct'),
(95, 2, 'Year 10 Javelin', 5, 1, 'done_correct'),
(96, 2, 'Year 10 Relay', 6, 0, 'done_correct'),
(97, 3, 'Year 7 100 metres', 7, 1, 'done_correct'),
(98, 3, 'Year 7 200 metres', 7, 1, 'done_correct'),
(99, 3, 'Year 7 400 metres', 7, 1, 'done_correct'),
(100, 3, 'Year 7 800 metres', 7, 1, 'done_correct'),
(101, 3, 'Year 7 1500 metres', 7, 1, 'done_correct'),
(102, 3, 'Year 7 High Jump', 8, 1, 'done_correct'),
(103, 3, 'Year 7 Long Jump', 8, 1, 'done_correct'),
(104, 3, 'Year 7 Triple Jump', 8, 1, 'done_correct'),
(105, 3, 'Year 7 Shot', 8, 1, 'done_correct'),
(106, 3, 'Year 7 Discus', 8, 1, 'done_correct'),
(107, 3, 'Year 7 Javelin', 8, 1, 'done_correct'),
(108, 3, 'Year 7 Relay', 9, 0, 'done_correct'),
(109, 3, 'Year 8 100 metres', 7, 1, 'done_correct'),
(110, 3, 'Year 8 200 metres', 7, 1, 'done_correct'),
(111, 3, 'Year 8 400 metres', 7, 1, 'done_correct'),
(112, 3, 'Year 8 800 metres', 7, 1, 'done_correct'),
(113, 3, 'Year 8 1500 metres', 7, 1, 'done_correct'),
(114, 3, 'Year 8 High Jump', 8, 1, 'done_correct'),
(115, 3, 'Year 8 Long Jump', 8, 1, 'done_correct'),
(116, 3, 'Year 8 Triple Jump', 8, 1, 'done_correct'),
(117, 3, 'Year 8 Shot', 8, 1, 'done_correct'),
(118, 3, 'Year 8 Discus', 8, 1, 'done_correct'),
(119, 3, 'Year 8 Javelin', 8, 1, 'done_correct'),
(120, 3, 'Year 8 Relay', 9, 0, 'done_correct'),
(121, 3, 'Year 9 100 metres', 7, 1, 'done_correct'),
(122, 3, 'Year 9 200 metres', 7, 1, 'done_correct'),
(123, 3, 'Year 9 400 metres', 7, 1, 'done_correct'),
(124, 3, 'Year 9 800 metres', 7, 1, 'done_correct'),
(125, 3, 'Year 9 1500 metres', 7, 1, 'done_correct'),
(126, 3, 'Year 9 High Jump', 8, 1, 'done_correct'),
(127, 3, 'Year 9 Long Jump', 8, 1, 'done_correct'),
(128, 3, 'Year 9 Triple Jump', 8, 1, 'done_correct'),
(129, 3, 'Year 9 Shot', 8, 1, 'done_correct'),
(130, 3, 'Year 9 Discus', 8, 1, 'done_correct'),
(131, 3, 'Year 9 Javelin', 8, 1, 'done_correct'),
(132, 3, 'Year 9 Relay', 9, 0, 'done_correct'),
(133, 3, 'Year 10 100 metres', 7, 1, 'done_correct'),
(134, 3, 'Year 10 200 metres', 7, 1, 'done_correct'),
(135, 3, 'Year 10 400 metres', 7, 1, 'done_correct'),
(136, 3, 'Year 10 800 metres', 7, 1, 'done_correct'),
(137, 3, 'Year 10 1500 metres', 7, 1, 'done_correct'),
(138, 3, 'Year 10 High Jump', 8, 1, 'done_correct'),
(139, 3, 'Year 10 Long Jump', 8, 1, 'done_correct'),
(140, 3, 'Year 10 Triple Jump', 8, 1, 'done_correct'),
(141, 3, 'Year 10 Shot', 8, 1, 'done_correct'),
(142, 3, 'Year 10 Discus', 8, 1, 'done_correct'),
(143, 3, 'Year 10 Javelin', 8, 1, 'done_correct'),
(144, 3, 'Year 10 Relay', 9, 0, 'done_correct'),
(145, 4, 'Year 7 100 metres', 10, 1, 'done_correct'),
(146, 4, 'Year 7 200 metres', 10, 1, 'done_correct'),
(147, 4, 'Year 7 400 metres', 10, 1, 'done_correct'),
(148, 4, 'Year 7 800 metres', 10, 1, 'done_correct'),
(149, 4, 'Year 7 1500 metres', 10, 1, 'done_correct'),
(150, 4, 'Year 7 High Jump', 11, 1, 'done_correct'),
(151, 4, 'Year 7 Long Jump', 11, 1, 'done_correct'),
(152, 4, 'Year 7 Triple Jump', 11, 1, 'done_correct'),
(153, 4, 'Year 7 Shot', 11, 1, 'done_correct'),
(154, 4, 'Year 7 Discus', 11, 1, 'done_correct'),
(155, 4, 'Year 7 Javelin', 11, 1, 'done_correct'),
(156, 4, 'Year 7 Relay', 12, 0, 'done_correct'),
(157, 4, 'Year 8 100 metres', 10, 1, 'done_correct'),
(158, 4, 'Year 8 200 metres', 10, 1, 'done_correct'),
(159, 4, 'Year 8 400 metres', 10, 1, 'done_correct'),
(160, 4, 'Year 8 800 metres', 10, 1, 'done_correct'),
(161, 4, 'Year 8 1500 metres', 10, 1, 'done_correct'),
(162, 4, 'Year 8 High Jump', 11, 1, 'done_correct'),
(163, 4, 'Year 8 Long Jump', 11, 1, 'done_correct'),
(164, 4, 'Year 8 Triple Jump', 11, 1, 'done_correct'),
(165, 4, 'Year 8 Shot', 11, 1, 'done_correct'),
(166, 4, 'Year 8 Discus', 11, 1, 'done_correct'),
(167, 4, 'Year 8 Javelin', 11, 1, 'done_correct'),
(168, 4, 'Year 8 Relay', 12, 0, 'done_correct'),
(169, 4, 'Year 9 100 metres', 10, 1, 'done_correct'),
(170, 4, 'Year 9 200 metres', 10, 1, 'done_correct'),
(171, 4, 'Year 9 400 metres', 10, 1, 'done_correct'),
(172, 4, 'Year 9 800 metres', 10, 1, 'done_correct'),
(173, 4, 'Year 9 1500 metres', 10, 1, 'done_correct'),
(174, 4, 'Year 9 High Jump', 11, 1, 'done_correct'),
(175, 4, 'Year 9 Long Jump', 11, 1, 'done_correct'),
(176, 4, 'Year 9 Triple Jump', 11, 1, 'done_correct'),
(177, 4, 'Year 9 Shot', 11, 1, 'done_correct'),
(178, 4, 'Year 9 Discus', 11, 1, 'done_correct'),
(179, 4, 'Year 9 Javelin', 11, 1, 'done_correct'),
(180, 4, 'Year 9 Relay', 12, 0, 'done_correct'),
(181, 4, 'Year 10 100 metres', 10, 1, 'done_correct'),
(182, 4, 'Year 10 200 metres', 10, 1, 'done_correct'),
(183, 4, 'Year 10 400 metres', 10, 1, 'done_correct'),
(184, 4, 'Year 10 800 metres', 10, 1, 'done_correct'),
(185, 4, 'Year 10 1500 metres', 10, 1, 'done_correct'),
(186, 4, 'Year 10 High Jump', 11, 1, 'done_correct'),
(187, 4, 'Year 10 Long Jump', 11, 1, 'done_correct'),
(188, 4, 'Year 10 Triple Jump', 11, 1, 'done_correct'),
(189, 4, 'Year 10 Shot', 11, 1, 'done_correct'),
(190, 4, 'Year 10 Discus', 11, 1, 'done_correct'),
(191, 4, 'Year 10 Javelin', 11, 1, 'done_correct'),
(192, 4, 'Year 10 Relay', 12, 0, 'done_correct');

-- --------------------------------------------------------

--
-- Table structure for table `day_groupeligibility`
--

DROP TABLE IF EXISTS `day_groupeligibility`;
CREATE TABLE IF NOT EXISTS `day_groupeligibility` (
  `ge_id` int(10) unsigned NOT NULL AUTO_INCREMENT,
  `sub_id` int(10) unsigned NOT NULL,
  `e_id` int(10) unsigned NOT NULL,
  PRIMARY KEY (`ge_id`)
) ENGINE=InnoDB  DEFAULT CHARSET=latin1 AUTO_INCREMENT=193 ;

--
-- Dumping data for table `day_groupeligibility`
--

INSERT INTO `day_groupeligibility` (`ge_id`, `sub_id`, `e_id`) VALUES
(49, 6, 49),
(50, 6, 50),
(51, 6, 51),
(52, 6, 52),
(53, 6, 53),
(54, 6, 54),
(55, 6, 55),
(56, 6, 56),
(57, 6, 57),
(58, 6, 58),
(59, 6, 59),
(60, 10, 60),
(61, 7, 61),
(62, 7, 62),
(63, 7, 63),
(64, 7, 64),
(65, 7, 65),
(66, 7, 66),
(67, 7, 67),
(68, 7, 68),
(69, 7, 69),
(70, 7, 70),
(71, 7, 71),
(72, 10, 72),
(73, 8, 73),
(74, 8, 74),
(75, 8, 75),
(76, 8, 76),
(77, 8, 77),
(78, 8, 78),
(79, 8, 79),
(80, 8, 80),
(81, 8, 81),
(82, 8, 82),
(83, 8, 83),
(84, 10, 84),
(85, 9, 85),
(86, 9, 86),
(87, 9, 87),
(88, 9, 88),
(89, 9, 89),
(90, 9, 90),
(91, 9, 91),
(92, 9, 92),
(93, 9, 93),
(94, 9, 94),
(95, 9, 95),
(96, 10, 96),
(97, 11, 97),
(98, 11, 98),
(99, 11, 99),
(100, 11, 100),
(101, 11, 101),
(102, 11, 102),
(103, 11, 103),
(104, 11, 104),
(105, 11, 105),
(106, 11, 106),
(107, 11, 107),
(108, 15, 108),
(109, 12, 109),
(110, 12, 110),
(111, 12, 111),
(112, 12, 112),
(113, 12, 113),
(114, 12, 114),
(115, 12, 115),
(116, 12, 116),
(117, 12, 117),
(118, 12, 118),
(119, 12, 119),
(120, 15, 120),
(121, 13, 121),
(122, 13, 122),
(123, 13, 123),
(124, 13, 124),
(125, 13, 125),
(126, 13, 126),
(127, 13, 127),
(128, 13, 128),
(129, 13, 129),
(130, 13, 130),
(131, 13, 131),
(132, 15, 132),
(133, 14, 133),
(134, 14, 134),
(135, 14, 135),
(136, 14, 136),
(137, 14, 137),
(138, 14, 138),
(139, 14, 139),
(140, 14, 140),
(141, 14, 141),
(142, 14, 142),
(143, 14, 143),
(144, 15, 144),
(145, 16, 145),
(146, 16, 146),
(147, 16, 147),
(148, 16, 148),
(149, 16, 149),
(150, 16, 150),
(151, 16, 151),
(152, 16, 152),
(153, 16, 153),
(154, 16, 154),
(155, 16, 155),
(156, 20, 156),
(157, 17, 157),
(158, 17, 158),
(159, 17, 159),
(160, 17, 160),
(161, 17, 161),
(162, 17, 162),
(163, 17, 163),
(164, 17, 164),
(165, 17, 165),
(166, 17, 166),
(167, 17, 167),
(168, 20, 168),
(169, 18, 169),
(170, 18, 170),
(171, 18, 171),
(172, 18, 172),
(173, 18, 173),
(174, 18, 174),
(175, 18, 175),
(176, 18, 176),
(177, 18, 177),
(178, 18, 178),
(179, 18, 179),
(180, 20, 180),
(181, 19, 181),
(182, 19, 182),
(183, 19, 183),
(184, 19, 184),
(185, 19, 185),
(186, 19, 186),
(187, 19, 187),
(188, 19, 188),
(189, 19, 189),
(190, 19, 190),
(191, 19, 191),
(192, 20, 192);

-- --------------------------------------------------------

--
-- Table structure for table `day_records`
--

DROP TABLE IF EXISTS `day_records`;
CREATE TABLE IF NOT EXISTS `day_records` (
  `rec_id` int(10) unsigned NOT NULL AUTO_INCREMENT,
  `d_id` int(10) unsigned NOT NULL,
  `e_id` int(10) unsigned NOT NULL,
  `name_competitor` varchar(50) DEFAULT NULL,
  `name_team` varchar(50) DEFAULT NULL,
  `result` decimal(10,6) DEFAULT NULL,
  `yearset` int(10) unsigned DEFAULT NULL,
  PRIMARY KEY (`rec_id`)
) ENGINE=InnoDB  DEFAULT CHARSET=latin1 AUTO_INCREMENT=193 ;

--
-- Dumping data for table `day_records`
--

INSERT INTO `day_records` (`rec_id`, `d_id`, `e_id`, `name_competitor`, `name_team`, `result`, `yearset`) VALUES
(49, 2, 49, NULL, NULL, NULL, NULL),
(50, 2, 50, NULL, NULL, NULL, NULL),
(51, 2, 51, NULL, NULL, NULL, NULL),
(52, 2, 52, NULL, NULL, NULL, NULL),
(53, 2, 53, NULL, NULL, NULL, NULL),
(54, 2, 54, NULL, NULL, NULL, NULL),
(55, 2, 55, NULL, NULL, NULL, NULL),
(56, 2, 56, NULL, NULL, NULL, NULL),
(57, 2, 57, NULL, NULL, NULL, NULL),
(58, 2, 58, NULL, NULL, NULL, NULL),
(59, 2, 59, NULL, NULL, NULL, NULL),
(60, 2, 60, NULL, NULL, NULL, NULL),
(61, 2, 61, NULL, NULL, NULL, NULL),
(62, 2, 62, NULL, NULL, NULL, NULL),
(63, 2, 63, NULL, NULL, NULL, NULL),
(64, 2, 64, NULL, NULL, NULL, NULL),
(65, 2, 65, NULL, NULL, NULL, NULL),
(66, 2, 66, NULL, NULL, NULL, NULL),
(67, 2, 67, NULL, NULL, NULL, NULL),
(68, 2, 68, NULL, NULL, NULL, NULL),
(69, 2, 69, NULL, NULL, NULL, NULL),
(70, 2, 70, NULL, NULL, NULL, NULL),
(71, 2, 71, NULL, NULL, NULL, NULL),
(72, 2, 72, NULL, NULL, NULL, NULL),
(73, 2, 73, NULL, NULL, NULL, NULL),
(74, 2, 74, NULL, NULL, NULL, NULL),
(75, 2, 75, NULL, NULL, NULL, NULL),
(76, 2, 76, NULL, NULL, NULL, NULL),
(77, 2, 77, NULL, NULL, NULL, NULL),
(78, 2, 78, NULL, NULL, NULL, NULL),
(79, 2, 79, NULL, NULL, NULL, NULL),
(80, 2, 80, NULL, NULL, NULL, NULL),
(81, 2, 81, NULL, NULL, NULL, NULL),
(82, 2, 82, NULL, NULL, NULL, NULL),
(83, 2, 83, NULL, NULL, NULL, NULL),
(84, 2, 84, NULL, NULL, NULL, NULL),
(85, 2, 85, NULL, NULL, NULL, NULL),
(86, 2, 86, NULL, NULL, NULL, NULL),
(87, 2, 87, NULL, NULL, NULL, NULL),
(88, 2, 88, NULL, NULL, NULL, NULL),
(89, 2, 89, NULL, NULL, NULL, NULL),
(90, 2, 90, NULL, NULL, NULL, NULL),
(91, 2, 91, NULL, NULL, NULL, NULL),
(92, 2, 92, NULL, NULL, NULL, NULL),
(93, 2, 93, NULL, NULL, NULL, NULL),
(94, 2, 94, NULL, NULL, NULL, NULL),
(95, 2, 95, NULL, NULL, NULL, NULL),
(96, 2, 96, NULL, NULL, NULL, NULL),
(97, 3, 97, 'B Abrahams', 'AST', 12.500000, 2010),
(98, 3, 98, 'F Olayide', 'OSH', 28.700000, 2010),
(99, 3, 99, 'K Lawes', 'FF', 69.600000, 2010),
(100, 3, 100, 'A Thompson', 'FF', 155.280000, 2010),
(101, 3, 101, 'H Green', 'KES', 314.900000, 2010),
(102, 3, 102, 'R Blackwood', 'HW', 1.210000, 2010),
(103, 3, 103, 'T Andu', 'OSH', 4.370000, 2010),
(104, 3, 104, 'H Green', 'KES', 9.220000, 2010),
(105, 3, 105, 'H Forty', 'KES', 9.130000, 2010),
(106, 3, 106, 'C Neville', 'FF', 19.240000, 2010),
(107, 3, 107, 'C James', 'ARD', 20.500000, 2010),
(108, 3, 108, 'AST', 'AST', 58.300000, 2010),
(109, 3, 109, 'J McDonagh', 'CH', 11.800000, 2010),
(110, 3, 110, 'G Cleet', 'FF', 26.000000, 2010),
(111, 3, 111, 'D Yate', 'CH', 59.100000, 2010),
(112, 3, 112, 'L Bacchus', 'OSH', 155.060000, 2010),
(113, 3, 113, 'G While', 'KN', 321.000000, 2010),
(114, 3, 114, 'A Sandhu', 'CH', 1.400000, 2010),
(115, 3, 115, 'L Brown', 'ARD', 4.810000, 2010),
(116, 3, 116, 'D Hughes', 'ARD', 10.590000, 2010),
(117, 3, 117, 'J Gavigan', 'ARD', 11.950000, 2010),
(118, 3, 118, 'O Parker', 'KES', 24.330000, 2010),
(119, 3, 119, 'P Gopsill', 'KES', 27.750000, 2010),
(120, 3, 120, 'ARD', 'ARD', 51.600000, 2010),
(121, 3, 121, 'F Baidoo', 'OSH', 11.500000, 2010),
(122, 3, 122, 'T Yates', 'KES', 24.500000, 2010),
(123, 3, 123, 'S Bill', 'OSH', 56.300000, 2010),
(124, 3, 124, 'T Murphy', 'CH', 143.400000, 2010),
(125, 3, 125, 'D Mladenovic', 'ARD', 283.600000, 2010),
(126, 3, 126, 'J Tilford', 'KES', 1.500000, 2010),
(127, 3, 127, 'P Andu', 'OSH', 5.190000, 2010),
(128, 3, 128, 'J Attach', 'OSH', 11.270000, 2010),
(129, 3, 129, 'B Morris', 'ARD', 10.350000, 2010),
(130, 3, 130, 'D Dinnes', 'KES', 23.880000, 2010),
(131, 3, 131, 'P Bradley', 'KES', 36.950000, 2010),
(132, 3, 132, 'OSH', 'OSH', 49.200000, 2010),
(133, 3, 133, 'R May', 'ARD', 11.100000, 2010),
(134, 3, 134, 'K Yee', 'FF', 24.100000, 2010),
(135, 3, 135, 'J Deakin', 'OSH', 56.200000, 2010),
(136, 3, 136, 'K Fleming', 'FF', 137.700000, 2010),
(137, 3, 137, 'C Hanlon', 'KES', 277.600000, 2010),
(138, 3, 138, 'F Famutimi', 'FF', 1.600000, 2010),
(139, 3, 139, 'E Attah', 'OSH', 5.520000, 2010),
(140, 3, 140, 'E Land', 'KES', 10.910000, 2010),
(141, 3, 141, 'N Edmonds', 'KES', 10.880000, 2010),
(142, 3, 142, 'K Hussain', 'AST', 24.080000, 2010),
(143, 3, 143, 'U Ahmed', 'CH', 40.310000, 2010),
(144, 3, 144, 'ARD', 'ARD', 48.500000, 2010),
(145, 4, 145, 'B Abrahams', 'AST', 12.500000, 2010),
(146, 4, 146, 'J Lloyd', 'AST', 26.300000, 2011),
(147, 4, 147, 'S Gee', 'FF', 67.800000, 2011),
(148, 4, 148, 'A Thompson', 'FF', 155.280000, 2010),
(149, 4, 149, 'H Barton', 'ARD', 311.200000, 2011),
(150, 4, 150, 'L Evans', 'CH-A', 1.250000, 2011),
(151, 4, 151, 'T Andu', 'OSH', 4.370000, 2010),
(152, 4, 152, 'H Green', 'KES', 9.220000, 2010),
(153, 4, 153, 'M Brindley', 'FF', 9.460000, 2011),
(154, 4, 154, 'C Neville', 'FF', 19.240000, 2010),
(155, 4, 155, 'C James', 'ARD', 20.500000, 2010),
(156, 4, 156, 'FF', 'FF', 58.000000, 2011),
(157, 4, 157, 'J McDonagh', 'CH', 11.800000, 2010),
(158, 4, 158, 'G Cleet / S Osmani', 'FF / HW', 26.000000, 2011),
(159, 4, 159, 'D Yate', 'CH', 59.100000, 2010),
(160, 4, 160, 'L Bacchus', 'OSH', 155.060000, 2010),
(161, 4, 161, 'T Neylon', 'KN', 313.800000, 2011),
(162, 4, 162, 'A Sandhu', 'CH', 1.400000, 2010),
(163, 4, 163, 'L Brown', 'ARD', 4.810000, 2010),
(164, 4, 164, 'D Hughes', 'ARD', 10.590000, 2010),
(165, 4, 165, 'J Gavigan', 'ARD', 11.950000, 2010),
(166, 4, 166, 'C Neville', 'FF', 24.670000, 2011),
(167, 4, 167, 'P Gopsill', 'KES', 27.750000, 2010),
(168, 4, 168, 'ARD', 'ARD', 51.600000, 2010),
(169, 4, 169, 'F Baidoo', 'OSH', 11.500000, 2010),
(170, 4, 170, 'T Yates', 'KES', 24.500000, 2010),
(171, 4, 171, 'S Bill', 'OSH', 56.300000, 2010),
(172, 4, 172, 'D Bill', 'OSH', 142.400000, 2011),
(173, 4, 173, 'D Mladenovic', 'ARD', 283.600000, 2010),
(174, 4, 174, 'M Ovberedto', 'OSH', 1.500000, 2011),
(175, 4, 175, 'P Andu', 'OSH', 5.190000, 2010),
(176, 4, 176, 'J Serrador', 'OSH', 11.280000, 2011),
(177, 4, 177, 'R Scott-Young', 'OSH', 11.590000, 2011),
(178, 4, 178, 'D Dinnes', 'KES', 23.880000, 2010),
(179, 4, 179, 'P Bradley', 'KES', 36.950000, 2010),
(180, 4, 180, 'OSH', 'OSH', 49.200000, 2010),
(181, 4, 181, 'R May', 'ARD', 11.100000, 2010),
(182, 4, 182, 'K Yee', 'FF', 24.100000, 2010),
(183, 4, 183, 'J Deakin', 'OSH', 56.200000, 2010),
(184, 4, 184, 'K Fleming', 'FF', 137.700000, 2010),
(185, 4, 185, 'C Hanlon', 'KES', 277.600000, 2010),
(186, 4, 186, 'F Famutimi', 'FF', 1.600000, 2010),
(187, 4, 187, 'C Song', 'CH-A', 5.540000, 2011),
(188, 4, 188, 'J Attah', 'OSH', 11.850000, 2011),
(189, 4, 189, 'T Soddard', 'AST', 10.970000, 2011),
(190, 4, 190, 'D Miller', 'CH-A', 24.470000, 2011),
(191, 4, 191, 'U Ahmed', 'CH', 40.310000, 2010),
(192, 4, 192, 'ARD', 'ARD', 48.500000, 2010);

-- --------------------------------------------------------

--
-- Table structure for table `day_scores`
--

DROP TABLE IF EXISTS `day_scores`;
CREATE TABLE IF NOT EXISTS `day_scores` (
  `sc_id` int(10) unsigned NOT NULL AUTO_INCREMENT,
  `d_id` int(10) unsigned NOT NULL,
  `e_id` int(10) unsigned NOT NULL,
  `c_id` int(10) unsigned NOT NULL,
  `t_id` int(10) unsigned NOT NULL,
  `place` tinyint(3) unsigned NOT NULL,
  `result` decimal(10,6) NOT NULL,
  `worth` decimal(10,6) unsigned NOT NULL,
  PRIMARY KEY (`sc_id`)
) ENGINE=InnoDB  DEFAULT CHARSET=latin1 AUTO_INCREMENT=1300 ;

--
-- Dumping data for table `day_scores`
--

INSERT INTO `day_scores` (`sc_id`, `d_id`, `e_id`, `c_id`, `t_id`, `place`, `result`, `worth`) VALUES
(1, 2, 49, 1, 10, 5, 14.100000, 4.000000),
(2, 2, 49, 2, 11, 1, 12.500000, 8.000000),
(3, 2, 49, 3, 12, 6, 14.300000, 3.000000),
(4, 2, 49, 4, 13, 7, 14.400000, 2.000000),
(5, 2, 49, 5, 14, 4, 13.200000, 5.000000),
(6, 2, 49, 6, 15, 2, 12.700000, 7.000000),
(7, 2, 49, 7, 16, 8, 14.800000, 1.000000),
(8, 2, 49, 8, 17, 3, 13.100000, 6.000000),
(9, 2, 50, 9, 10, 6, 30.100000, 3.000000),
(10, 2, 50, 10, 11, 5, 30.100000, 4.000000),
(11, 2, 50, 11, 12, 2, 29.400000, 7.000000),
(12, 2, 50, 12, 13, 3, 29.500000, 6.000000),
(13, 2, 50, 13, 14, 7, 34.100000, 2.000000),
(14, 2, 50, 14, 15, 4, 29.600000, 5.000000),
(15, 2, 50, 0, 16, 0, 0.000000, 0.000000),
(16, 2, 50, 15, 17, 1, 28.700000, 8.000000),
(17, 2, 51, 16, 10, 2, 70.600000, 7.000000),
(18, 2, 51, 17, 11, 6, 76.100000, 3.000000),
(19, 2, 51, 18, 12, 7, 76.800000, 2.000000),
(20, 2, 51, 19, 13, 1, 69.600000, 8.000000),
(21, 2, 51, 20, 14, 5, 73.600000, 4.000000),
(22, 2, 51, 21, 15, 4, 72.900000, 5.000000),
(23, 2, 51, 22, 16, 8, 98.500000, 1.000000),
(24, 2, 51, 23, 17, 3, 72.600000, 6.000000),
(25, 2, 52, 24, 10, 4, 176.170000, 5.000000),
(26, 2, 52, 25, 11, 5, 177.140000, 4.000000),
(27, 2, 52, 26, 12, 6, 188.360000, 3.000000),
(28, 2, 52, 27, 13, 1, 155.280000, 8.000000),
(29, 2, 52, 28, 14, 7, 199.670000, 2.000000),
(30, 2, 52, 0, 15, 0, 0.000000, 0.000000),
(31, 2, 52, 29, 16, 3, 171.680000, 6.000000),
(32, 2, 52, 30, 17, 2, 168.130000, 7.000000),
(33, 2, 53, 31, 10, 4, 326.500000, 5.000000),
(34, 2, 53, 32, 11, 6, 361.600000, 3.000000),
(35, 2, 53, 33, 12, 7, 368.500000, 2.000000),
(36, 2, 53, 34, 13, 3, 319.100000, 6.000000),
(37, 2, 53, 0, 14, 0, 0.000000, 0.000000),
(38, 2, 53, 35, 15, 1, 314.900000, 8.000000),
(39, 2, 53, 36, 16, 2, 316.600000, 7.000000),
(40, 2, 53, 37, 17, 5, 342.100000, 4.000000),
(41, 2, 54, 16, 10, 6, 1.150000, 2.500000),
(42, 2, 54, 2, 11, 2, 1.210000, 7.000000),
(43, 2, 54, 38, 12, 8, 1.100000, 1.000000),
(44, 2, 54, 39, 13, 1, 1.210000, 8.000000),
(45, 2, 54, 40, 14, 3, 1.210000, 6.000000),
(46, 2, 54, 41, 15, 5, 1.180000, 4.000000),
(47, 2, 54, 36, 16, 6, 1.150000, 2.500000),
(48, 2, 54, 42, 17, 4, 1.180000, 5.000000),
(49, 2, 55, 43, 10, 2, 4.220000, 7.000000),
(50, 2, 55, 44, 11, 6, 3.100000, 3.000000),
(51, 2, 55, 45, 12, 4, 3.830000, 5.000000),
(52, 2, 55, 12, 13, 3, 4.120000, 6.000000),
(53, 2, 55, 20, 14, 5, 3.680000, 4.000000),
(54, 2, 55, 46, 15, 7, 2.910000, 2.000000),
(55, 2, 55, 0, 16, 0, 0.000000, 0.000000),
(56, 2, 55, 8, 17, 1, 4.370000, 8.000000),
(57, 2, 56, 9, 10, 5, 7.960000, 4.000000),
(58, 2, 56, 47, 11, 2, 9.110000, 7.000000),
(59, 2, 56, 3, 12, 4, 8.460000, 5.000000),
(60, 2, 56, 4, 13, 3, 8.590000, 6.000000),
(61, 2, 56, 48, 14, 6, 7.640000, 3.000000),
(62, 2, 56, 35, 15, 1, 9.220000, 8.000000),
(63, 2, 56, 0, 16, 0, 0.000000, 0.000000),
(64, 2, 56, 49, 17, 7, 7.220000, 2.000000),
(65, 2, 57, 50, 10, 3, 8.490000, 6.000000),
(66, 2, 57, 51, 11, 5, 7.750000, 4.000000),
(67, 2, 57, 52, 12, 6, 7.060000, 3.000000),
(68, 2, 57, 53, 13, 2, 8.710000, 7.000000),
(69, 2, 57, 54, 14, 7, 7.050000, 2.000000),
(70, 2, 57, 14, 15, 1, 9.130000, 8.000000),
(71, 2, 57, 22, 16, 4, 8.060000, 5.000000),
(72, 2, 57, 55, 17, 8, 6.990000, 1.000000),
(73, 2, 58, 1, 10, 3, 18.420000, 6.000000),
(74, 2, 58, 56, 11, 5, 15.150000, 4.000000),
(75, 2, 58, 57, 12, 2, 18.750000, 7.000000),
(76, 2, 58, 58, 13, 1, 19.240000, 8.000000),
(77, 2, 58, 5, 14, 6, 14.330000, 3.000000),
(78, 2, 58, 6, 15, 4, 17.400000, 5.000000),
(79, 2, 58, 22, 16, 7, 13.450000, 2.000000),
(80, 2, 58, 59, 17, 8, 12.850000, 1.000000),
(81, 2, 59, 60, 10, 1, 20.500000, 8.000000),
(82, 2, 59, 61, 11, 6, 15.510000, 3.000000),
(83, 2, 59, 62, 12, 2, 17.900000, 7.000000),
(84, 2, 59, 27, 13, 3, 17.120000, 6.000000),
(85, 2, 59, 48, 14, 4, 16.590000, 5.000000),
(86, 2, 59, 63, 15, 5, 15.640000, 4.000000),
(87, 2, 59, 29, 16, 8, 9.570000, 1.000000),
(88, 2, 59, 64, 17, 7, 11.680000, 2.000000),
(89, 2, 60, 65, 10, 6, 59.900000, 6.000000),
(90, 2, 60, 66, 11, 1, 58.300000, 16.000000),
(91, 2, 60, 67, 12, 5, 59.600000, 8.000000),
(92, 2, 60, 68, 13, 7, 60.000000, 4.000000),
(93, 2, 60, 69, 14, 3, 59.200000, 12.000000),
(94, 2, 60, 70, 15, 2, 58.800000, 14.000000),
(95, 2, 60, 0, 16, 0, 0.000000, 0.000000),
(96, 2, 60, 71, 17, 4, 59.200000, 10.000000),
(97, 2, 61, 73, 10, 3, 11.900000, 6.000000),
(98, 2, 61, 74, 11, 6, 12.600000, 3.000000),
(99, 2, 61, 75, 12, 1, 11.800000, 8.000000),
(100, 2, 61, 76, 13, 2, 11.900000, 7.000000),
(101, 2, 61, 77, 14, 8, 13.500000, 1.000000),
(102, 2, 61, 78, 15, 5, 12.500000, 4.000000),
(103, 2, 61, 79, 16, 7, 12.600000, 2.000000),
(104, 2, 61, 80, 17, 4, 11.900000, 5.000000),
(105, 2, 62, 81, 10, 4, 26.900000, 5.000000),
(106, 2, 62, 82, 11, 2, 26.700000, 7.000000),
(107, 2, 62, 83, 12, 8, 29.400000, 1.000000),
(108, 2, 62, 84, 13, 1, 26.000000, 8.000000),
(109, 2, 62, 85, 14, 7, 28.700000, 2.000000),
(110, 2, 62, 86, 15, 6, 28.400000, 3.000000),
(111, 2, 62, 87, 16, 5, 27.900000, 4.000000),
(112, 2, 62, 88, 17, 3, 26.800000, 6.000000),
(113, 2, 63, 89, 10, 5, 67.700000, 4.000000),
(114, 2, 63, 90, 11, 2, 62.900000, 7.000000),
(115, 2, 63, 91, 12, 1, 59.100000, 8.000000),
(116, 2, 63, 92, 13, 3, 63.000000, 6.000000),
(117, 2, 63, 77, 14, 8, 78.900000, 1.000000),
(118, 2, 63, 93, 15, 6, 68.400000, 3.000000),
(119, 2, 63, 94, 16, 4, 67.100000, 5.000000),
(120, 2, 63, 95, 17, 7, 71.600000, 2.000000),
(121, 2, 64, 96, 10, 3, 161.030000, 6.000000),
(122, 2, 64, 97, 11, 7, 166.260000, 2.000000),
(123, 2, 64, 98, 12, 2, 160.060000, 7.000000),
(124, 2, 64, 99, 13, 6, 163.580000, 3.000000),
(125, 2, 64, 100, 14, 4, 161.660000, 5.000000),
(126, 2, 64, 101, 15, 8, 166.270000, 1.000000),
(127, 2, 64, 102, 16, 5, 163.220000, 4.000000),
(128, 2, 64, 103, 17, 1, 155.060000, 8.000000),
(129, 2, 65, 104, 10, 3, 323.200000, 6.000000),
(130, 2, 65, 105, 11, 5, 337.700000, 4.000000),
(131, 2, 65, 106, 12, 4, 326.600000, 5.000000),
(132, 2, 65, 107, 13, 7, 340.600000, 2.000000),
(133, 2, 65, 0, 14, 0, 0.000000, 0.000000),
(134, 2, 65, 108, 15, 2, 321.700000, 7.000000),
(135, 2, 65, 109, 16, 1, 321.000000, 8.000000),
(136, 2, 65, 110, 17, 6, 338.800000, 3.000000),
(137, 2, 66, 111, 10, 2, 1.300000, 6.500000),
(138, 2, 66, 112, 11, 7, 1.210000, 2.000000),
(139, 2, 66, 113, 12, 1, 1.400000, 8.000000),
(140, 2, 66, 99, 13, 6, 1.240000, 3.000000),
(141, 2, 66, 114, 14, 2, 1.300000, 6.500000),
(142, 2, 66, 115, 15, 4, 1.300000, 5.000000),
(143, 2, 66, 79, 16, 8, 1.210000, 1.000000),
(144, 2, 66, 116, 17, 5, 1.270000, 4.000000),
(153, 2, 67, 117, 10, 1, 4.810000, 8.000000),
(154, 2, 67, 97, 11, 4, 4.690000, 5.000000),
(155, 2, 67, 118, 12, 6, 4.000000, 3.000000),
(156, 2, 67, 76, 13, 3, 4.720000, 6.000000),
(157, 2, 67, 0, 14, 0, 0.000000, 0.000000),
(158, 2, 67, 108, 15, 7, 3.210000, 2.000000),
(159, 2, 67, 119, 16, 5, 4.160000, 4.000000),
(160, 2, 67, 80, 17, 2, 4.740000, 7.000000),
(161, 2, 68, 73, 10, 1, 10.590000, 8.000000),
(162, 2, 68, 74, 11, 5, 9.100000, 4.000000),
(163, 2, 68, 75, 12, 2, 10.130000, 7.000000),
(164, 2, 68, 92, 13, 4, 9.130000, 5.000000),
(165, 2, 68, 0, 14, 0, 0.000000, 0.000000),
(166, 2, 68, 93, 15, 6, 8.790000, 3.000000),
(167, 2, 68, 109, 16, 0, 0.000000, 0.000000),
(168, 2, 68, 103, 17, 3, 9.290000, 6.000000),
(169, 2, 69, 120, 10, 1, 11.950000, 8.000000),
(170, 2, 69, 121, 11, 7, 9.060000, 2.000000),
(171, 2, 69, 122, 12, 4, 10.970000, 5.000000),
(172, 2, 69, 84, 13, 6, 9.280000, 3.000000),
(173, 2, 69, 123, 14, 3, 11.060000, 6.000000),
(174, 2, 69, 78, 15, 5, 9.770000, 4.000000),
(175, 2, 69, 119, 16, 8, 7.730000, 1.000000),
(176, 2, 69, 88, 17, 2, 11.320000, 7.000000),
(177, 2, 70, 124, 10, 5, 19.270000, 4.000000),
(178, 2, 70, 82, 11, 3, 21.720000, 6.000000),
(179, 2, 70, 125, 12, 4, 21.210000, 5.000000),
(180, 2, 70, 107, 13, 6, 17.750000, 3.000000),
(181, 2, 70, 85, 14, 2, 22.730000, 7.000000),
(182, 2, 70, 101, 15, 1, 24.330000, 8.000000),
(183, 2, 70, 87, 16, 8, 16.890000, 1.000000),
(184, 2, 70, 126, 17, 7, 17.020000, 2.000000),
(185, 2, 71, 127, 10, 2, 23.200000, 7.000000),
(186, 2, 71, 128, 11, 3, 21.190000, 6.000000),
(187, 2, 71, 98, 12, 8, 15.900000, 1.000000),
(188, 2, 71, 129, 13, 4, 21.120000, 5.000000),
(189, 2, 71, 100, 14, 7, 16.230000, 2.000000),
(190, 2, 71, 130, 15, 1, 27.750000, 8.000000),
(191, 2, 71, 87, 16, 5, 21.100000, 4.000000),
(192, 2, 71, 131, 17, 6, 18.830000, 3.000000),
(193, 2, 72, 65, 10, 1, 51.600000, 16.000000),
(194, 2, 72, 66, 11, 4, 54.100000, 10.000000),
(195, 2, 72, 67, 12, 3, 53.400000, 12.000000),
(196, 2, 72, 68, 13, 5, 54.800000, 8.000000),
(197, 2, 72, 69, 14, 6, 55.700000, 6.000000),
(198, 2, 72, 70, 15, 7, 57.900000, 4.000000),
(199, 2, 72, 0, 16, 0, 0.000000, 0.000000),
(200, 2, 72, 71, 17, 2, 51.700000, 14.000000),
(201, 2, 73, 132, 10, 8, 13.600000, 1.000000),
(202, 2, 73, 133, 11, 6, 12.700000, 3.000000),
(203, 2, 73, 134, 12, 3, 11.500000, 6.000000),
(204, 2, 73, 135, 13, 4, 12.200000, 5.000000),
(205, 2, 73, 136, 14, 7, 13.200000, 2.000000),
(206, 2, 73, 137, 15, 2, 11.500000, 7.000000),
(207, 2, 73, 138, 16, 5, 12.500000, 4.000000),
(208, 2, 73, 139, 17, 1, 11.500000, 8.000000),
(209, 2, 74, 140, 10, 6, 26.700000, 3.000000),
(210, 2, 74, 141, 11, 3, 25.500000, 6.000000),
(211, 2, 74, 142, 12, 5, 26.000000, 4.000000),
(212, 2, 74, 143, 13, 4, 25.900000, 5.000000),
(213, 2, 74, 144, 14, 8, 29.200000, 1.000000),
(214, 2, 74, 145, 15, 1, 24.500000, 8.000000),
(215, 2, 74, 146, 16, 7, 28.200000, 2.000000),
(216, 2, 74, 147, 17, 2, 25.400000, 7.000000),
(217, 2, 75, 148, 10, 5, 63.500000, 4.000000),
(218, 2, 75, 149, 11, 3, 58.600000, 6.000000),
(219, 2, 75, 150, 12, 2, 56.700000, 7.000000),
(220, 2, 75, 151, 13, 4, 61.400000, 5.000000),
(221, 2, 75, 152, 14, 8, 68.200000, 1.000000),
(222, 2, 75, 153, 15, 7, 66.400000, 2.000000),
(223, 2, 75, 154, 16, 6, 63.900000, 3.000000),
(224, 2, 75, 155, 17, 1, 56.300000, 8.000000),
(225, 2, 76, 156, 10, 4, 149.300000, 5.000000),
(226, 2, 76, 157, 11, 5, 149.900000, 4.000000),
(227, 2, 76, 158, 12, 1, 143.400000, 8.000000),
(228, 2, 76, 159, 13, 8, 158.700000, 1.000000),
(229, 2, 76, 160, 14, 7, 156.100000, 2.000000),
(230, 2, 76, 161, 15, 3, 148.500000, 6.000000),
(231, 2, 76, 162, 16, 6, 150.200000, 3.000000),
(232, 2, 76, 163, 17, 2, 148.300000, 7.000000),
(233, 2, 77, 164, 10, 1, 283.600000, 8.000000),
(234, 2, 77, 165, 11, 7, 356.300000, 2.000000),
(235, 2, 77, 166, 12, 2, 303.800000, 7.000000),
(236, 2, 77, 167, 13, 6, 352.900000, 3.000000),
(237, 2, 77, 168, 14, 3, 306.900000, 6.000000),
(238, 2, 77, 169, 15, 5, 320.900000, 4.000000),
(239, 2, 77, 0, 16, 0, 0.000000, 0.000000),
(240, 2, 77, 170, 17, 4, 307.900000, 5.000000),
(241, 2, 78, 148, 10, 3, 1.400000, 6.000000),
(242, 2, 78, 141, 11, 2, 1.400000, 7.000000),
(243, 2, 78, 142, 12, 6, 1.300000, 3.000000),
(244, 2, 78, 171, 13, 7, 1.250000, 2.000000),
(245, 2, 78, 172, 14, 4, 1.350000, 4.500000),
(246, 2, 78, 173, 15, 1, 1.500000, 8.000000),
(247, 2, 78, 0, 16, 0, 0.000000, 0.000000),
(248, 2, 78, 174, 17, 4, 1.350000, 4.500000),
(249, 2, 79, 156, 10, 7, 4.040000, 2.000000),
(250, 2, 79, 175, 11, 4, 4.740000, 5.000000),
(251, 2, 79, 150, 12, 3, 4.940000, 6.000000),
(252, 2, 79, 176, 13, 6, 4.340000, 3.000000),
(253, 2, 79, 144, 14, 5, 4.490000, 4.000000),
(254, 2, 79, 145, 15, 2, 5.160000, 7.000000),
(255, 2, 79, 0, 16, 0, 0.000000, 0.000000),
(256, 2, 79, 147, 17, 1, 5.190000, 8.000000),
(257, 2, 80, 177, 10, 5, 9.850000, 4.000000),
(258, 2, 80, 149, 11, 3, 10.880000, 6.000000),
(259, 2, 80, 134, 12, 2, 10.980000, 7.000000),
(260, 2, 80, 151, 13, 7, 8.880000, 2.000000),
(261, 2, 80, 160, 14, 4, 10.750000, 5.000000),
(262, 2, 80, 153, 15, 6, 9.700000, 3.000000),
(263, 2, 80, 0, 16, 0, 0.000000, 0.000000),
(264, 2, 80, 178, 17, 1, 11.270000, 8.000000),
(265, 2, 81, 179, 10, 1, 10.350000, 8.000000),
(266, 2, 81, 180, 11, 3, 9.920000, 6.000000),
(267, 2, 81, 181, 12, 4, 9.010000, 5.000000),
(268, 2, 81, 182, 13, 5, 8.860000, 4.000000),
(269, 2, 81, 183, 14, 6, 8.180000, 3.000000),
(270, 2, 81, 161, 15, 7, 7.860000, 2.000000),
(271, 2, 81, 0, 16, 0, 0.000000, 0.000000),
(272, 2, 81, 184, 17, 2, 10.060000, 7.000000),
(273, 2, 82, 185, 10, 7, 18.270000, 2.000000),
(274, 2, 82, 186, 11, 4, 21.260000, 5.000000),
(275, 2, 82, 187, 12, 6, 19.100000, 3.000000),
(276, 2, 82, 188, 13, 2, 22.810000, 7.000000),
(277, 2, 82, 189, 14, 5, 20.900000, 4.000000),
(278, 2, 82, 137, 15, 1, 23.880000, 8.000000),
(279, 2, 82, 0, 16, 0, 0.000000, 0.000000),
(280, 2, 82, 190, 17, 3, 22.040000, 6.000000),
(281, 2, 83, 191, 10, 5, 18.930000, 4.000000),
(282, 2, 83, 157, 11, 6, 18.600000, 3.000000),
(283, 2, 83, 158, 12, 2, 32.500000, 7.000000),
(284, 2, 83, 135, 13, 4, 20.100000, 5.000000),
(285, 2, 83, 0, 14, 0, 0.000000, 0.000000),
(286, 2, 83, 192, 15, 1, 36.950000, 8.000000),
(287, 2, 83, 0, 16, 0, 0.000000, 0.000000),
(288, 2, 83, 193, 17, 3, 26.020000, 6.000000),
(289, 2, 84, 65, 10, 7, 56.100000, 4.000000),
(290, 2, 84, 66, 11, 5, 52.700000, 8.000000),
(291, 2, 84, 67, 12, 2, 50.400000, 14.000000),
(292, 2, 84, 68, 13, 4, 52.200000, 10.000000),
(293, 2, 84, 69, 14, 6, 54.800000, 6.000000),
(294, 2, 84, 70, 15, 3, 50.700000, 12.000000),
(295, 2, 84, 0, 16, 0, 0.000000, 0.000000),
(296, 2, 84, 71, 17, 1, 49.200000, 16.000000),
(297, 2, 85, 194, 10, 1, 11.100000, 8.000000),
(298, 2, 85, 195, 11, 6, 12.200000, 3.000000),
(299, 2, 85, 196, 12, 7, 13.100000, 2.000000),
(300, 2, 85, 197, 13, 3, 11.400000, 6.000000),
(301, 2, 85, 198, 14, 4, 12.000000, 5.000000),
(302, 2, 85, 199, 15, 5, 12.100000, 4.000000),
(303, 2, 85, 200, 16, 8, 13.400000, 1.000000),
(304, 2, 85, 201, 17, 2, 11.200000, 7.000000),
(305, 2, 86, 202, 10, 3, 24.700000, 6.000000),
(306, 2, 86, 203, 11, 4, 25.000000, 5.000000),
(307, 2, 86, 204, 12, 7, 26.200000, 2.000000),
(308, 2, 86, 205, 13, 1, 24.100000, 8.000000),
(309, 2, 86, 206, 14, 6, 25.500000, 3.000000),
(310, 2, 86, 207, 15, 2, 24.400000, 7.000000),
(311, 2, 86, 208, 16, 8, 26.800000, 1.000000),
(312, 2, 86, 209, 17, 5, 25.000000, 4.000000),
(313, 2, 87, 210, 10, 2, 56.700000, 7.000000),
(314, 2, 87, 211, 11, 7, 66.020000, 2.000000),
(315, 2, 87, 212, 12, 4, 57.900000, 5.000000),
(316, 2, 87, 213, 13, 5, 58.300000, 4.000000),
(317, 2, 87, 214, 14, 8, 76.600000, 1.000000),
(318, 2, 87, 215, 15, 3, 57.000000, 6.000000),
(319, 2, 87, 216, 16, 6, 62.300000, 3.000000),
(320, 2, 87, 217, 17, 1, 56.200000, 8.000000),
(329, 2, 88, 218, 10, 5, 150.400000, 4.000000),
(330, 2, 88, 219, 11, 2, 141.100000, 7.000000),
(331, 2, 88, 220, 12, 3, 144.700000, 6.000000),
(332, 2, 88, 221, 13, 1, 137.700000, 8.000000),
(333, 2, 88, 222, 14, 7, 152.300000, 2.000000),
(334, 2, 88, 223, 15, 6, 151.300000, 3.000000),
(335, 2, 88, 0, 16, 0, 0.000000, 0.000000),
(336, 2, 88, 224, 17, 4, 146.100000, 5.000000),
(337, 2, 89, 0, 10, 0, 0.000000, 0.000000),
(338, 2, 89, 225, 11, 5, 333.300000, 4.000000),
(339, 2, 89, 226, 12, 2, 281.200000, 7.000000),
(340, 2, 89, 227, 13, 3, 296.400000, 6.000000),
(341, 2, 89, 228, 14, 6, 352.200000, 3.000000),
(342, 2, 89, 229, 15, 1, 277.600000, 8.000000),
(343, 2, 89, 0, 16, 0, 0.000000, 0.000000),
(344, 2, 89, 230, 17, 4, 319.800000, 5.000000),
(345, 2, 90, 231, 10, 7, 1.350000, 2.000000),
(346, 2, 90, 203, 11, 2, 1.550000, 7.000000),
(347, 2, 90, 232, 12, 6, 1.400000, 3.000000),
(348, 2, 90, 197, 13, 1, 1.600000, 8.000000),
(349, 2, 90, 233, 14, 8, 1.200000, 1.000000),
(350, 2, 90, 229, 15, 5, 1.500000, 4.000000),
(351, 2, 90, 200, 16, 3, 1.500000, 6.000000),
(352, 2, 90, 234, 17, 4, 1.500000, 5.000000),
(353, 2, 91, 235, 10, 7, 4.080000, 2.000000),
(354, 2, 91, 195, 11, 5, 5.080000, 3.500000),
(355, 2, 91, 204, 12, 4, 5.100000, 5.000000),
(356, 2, 91, 213, 13, 2, 5.300000, 7.000000),
(357, 2, 91, 206, 14, 5, 5.080000, 3.500000),
(358, 2, 91, 199, 15, 3, 5.240000, 6.000000),
(359, 2, 91, 236, 16, 8, 3.970000, 1.000000),
(360, 2, 91, 237, 17, 1, 5.520000, 8.000000),
(361, 2, 92, 0, 10, 0, 0.000000, 0.000000),
(362, 2, 92, 238, 11, 4, 10.070000, 5.000000),
(363, 2, 92, 212, 12, 2, 10.390000, 7.000000),
(364, 2, 92, 227, 13, 5, 9.380000, 4.000000),
(365, 2, 92, 0, 14, 0, 0.000000, 0.000000),
(366, 2, 92, 215, 15, 1, 10.910000, 8.000000),
(367, 2, 92, 0, 16, 0, 0.000000, 0.000000),
(368, 2, 92, 239, 17, 3, 10.260000, 6.000000),
(369, 2, 93, 0, 10, 0, 0.000000, 0.000000),
(370, 2, 93, 219, 11, 2, 9.920000, 7.000000),
(371, 2, 93, 240, 12, 4, 9.070000, 5.000000),
(372, 2, 93, 241, 13, 3, 9.170000, 6.000000),
(373, 2, 93, 242, 14, 6, 7.160000, 3.000000),
(374, 2, 93, 243, 15, 1, 10.880000, 8.000000),
(375, 2, 93, 0, 16, 0, 0.000000, 0.000000),
(376, 2, 93, 244, 17, 5, 9.030000, 4.000000),
(377, 2, 94, 245, 10, 5, 21.200000, 4.000000),
(378, 2, 94, 246, 11, 1, 24.080000, 8.000000),
(379, 2, 94, 247, 12, 2, 22.960000, 7.000000),
(380, 2, 94, 248, 13, 3, 22.850000, 6.000000),
(381, 2, 94, 249, 14, 6, 18.880000, 3.000000),
(382, 2, 94, 250, 15, 7, 16.300000, 2.000000),
(383, 2, 94, 0, 16, 0, 0.000000, 0.000000),
(384, 2, 94, 251, 17, 4, 21.800000, 5.000000),
(385, 2, 95, 252, 10, 3, 29.400000, 6.000000),
(386, 2, 95, 253, 11, 6, 22.650000, 3.000000),
(387, 2, 95, 254, 12, 1, 40.310000, 8.000000),
(388, 2, 95, 255, 13, 2, 36.350000, 7.000000),
(389, 2, 95, 0, 14, 0, 0.000000, 0.000000),
(390, 2, 95, 256, 15, 4, 26.400000, 5.000000),
(391, 2, 95, 0, 16, 0, 0.000000, 0.000000),
(392, 2, 95, 257, 17, 5, 23.100000, 4.000000),
(393, 2, 96, 65, 10, 1, 48.500000, 16.000000),
(394, 2, 96, 66, 11, 5, 50.300000, 8.000000),
(395, 2, 96, 67, 12, 6, 50.800000, 6.000000),
(396, 2, 96, 68, 13, 2, 49.100000, 14.000000),
(397, 2, 96, 69, 14, 0, 0.000000, 0.000000),
(398, 2, 96, 70, 15, 4, 49.500000, 10.000000),
(399, 2, 96, 0, 16, 0, 0.000000, 0.000000),
(400, 2, 96, 71, 17, 3, 49.500000, 12.000000),
(401, 3, 97, 258, 18, 3, 13.800000, 6.000000),
(402, 3, 97, 259, 19, 6, 14.700000, 3.000000),
(403, 3, 97, 260, 20, 1, 13.400000, 8.000000),
(404, 3, 97, 261, 21, 7, 15.000000, 2.000000),
(405, 3, 97, 262, 22, 4, 14.100000, 5.000000),
(406, 3, 97, 263, 23, 5, 14.500000, 4.000000),
(407, 3, 97, 264, 24, 8, 15.500000, 1.000000),
(408, 3, 97, 265, 25, 2, 13.600000, 7.000000),
(409, 3, 97, 0, 26, 0, 0.000000, 0.000000),
(410, 3, 98, 266, 18, 8, 33.900000, 1.000000),
(411, 3, 98, 267, 19, 1, 26.300000, 8.000000),
(412, 3, 98, 268, 20, 3, 30.300000, 6.000000),
(413, 3, 98, 269, 21, 7, 32.200000, 2.000000),
(414, 3, 98, 270, 22, 2, 29.000000, 7.000000),
(415, 3, 98, 271, 23, 6, 31.900000, 3.000000),
(416, 3, 98, 272, 24, 4, 31.000000, 5.000000),
(417, 3, 98, 273, 25, 5, 31.600000, 4.000000),
(418, 3, 98, 0, 26, 0, 0.000000, 0.000000),
(419, 3, 99, 274, 18, 2, 69.400000, 7.000000),
(420, 3, 99, 275, 19, 3, 70.100000, 6.000000),
(421, 3, 99, 276, 20, 4, 71.400000, 5.000000),
(422, 3, 99, 277, 21, 5, 71.700000, 4.000000),
(423, 3, 99, 278, 22, 1, 67.800000, 8.000000),
(424, 3, 99, 0, 23, 0, 0.000000, 0.000000),
(425, 3, 99, 0, 24, 0, 0.000000, 0.000000),
(426, 3, 99, 279, 25, 6, 74.700000, 3.000000),
(427, 3, 99, 0, 26, 0, 0.000000, 0.000000),
(428, 3, 100, 280, 18, 4, 174.800000, 5.000000),
(429, 3, 100, 281, 19, 6, 182.000000, 3.000000),
(430, 3, 100, 282, 20, 1, 165.400000, 8.000000),
(431, 3, 100, 283, 21, 5, 181.300000, 4.000000),
(432, 3, 100, 284, 22, 2, 168.400000, 7.000000),
(433, 3, 100, 285, 23, 7, 190.000000, 2.000000),
(434, 3, 100, 286, 24, 8, 194.500000, 1.000000),
(435, 3, 100, 287, 25, 3, 169.500000, 6.000000),
(436, 3, 100, 0, 26, 0, 0.000000, 0.000000),
(437, 3, 101, 288, 18, 1, 311.200000, 8.000000),
(438, 3, 101, 289, 19, 4, 343.700000, 5.000000),
(439, 3, 101, 290, 20, 3, 342.600000, 6.000000),
(440, 3, 101, 291, 21, 7, 387.600000, 2.000000),
(441, 3, 101, 292, 22, 5, 355.600000, 4.000000),
(442, 3, 101, 293, 23, 6, 361.500000, 3.000000),
(443, 3, 101, 0, 24, 0, 0.000000, 0.000000),
(444, 3, 101, 294, 25, 2, 342.200000, 7.000000),
(445, 3, 101, 0, 26, 0, 0.000000, 0.000000),
(446, 3, 102, 274, 18, 1, 1.300000, 8.000000),
(447, 3, 102, 295, 19, 3, 1.200000, 6.000000),
(448, 3, 102, 296, 20, 2, 1.250000, 7.000000),
(449, 3, 102, 261, 21, 0, 0.000000, 0.000000),
(450, 3, 102, 297, 22, 4, 1.200000, 5.000000),
(451, 3, 102, 263, 23, 5, 1.200000, 4.000000),
(452, 3, 102, 264, 24, 6, 1.100000, 2.500000),
(453, 3, 102, 298, 25, 6, 1.100000, 2.500000),
(454, 3, 102, 0, 26, 0, 0.000000, 0.000000),
(455, 3, 103, 266, 18, 2, 3.930000, 7.000000),
(456, 3, 103, 299, 19, 4, 3.660000, 5.000000),
(457, 3, 103, 300, 20, 3, 3.880000, 6.000000),
(458, 3, 103, 269, 21, 7, 3.270000, 2.000000),
(459, 3, 103, 301, 22, 1, 4.020000, 8.000000),
(460, 3, 103, 302, 23, 6, 3.350000, 3.000000),
(461, 3, 103, 286, 24, 8, 3.220000, 1.000000),
(462, 3, 103, 303, 25, 5, 3.650000, 4.000000),
(463, 3, 103, 0, 26, 0, 0.000000, 0.000000),
(464, 3, 104, 0, 18, 0, 0.000000, 0.000000),
(465, 3, 104, 304, 19, 4, 7.530000, 5.000000),
(466, 3, 104, 305, 20, 3, 7.910000, 6.000000),
(467, 3, 104, 306, 21, 2, 8.590000, 7.000000),
(468, 3, 104, 262, 22, 0, 0.000000, 0.000000),
(469, 3, 104, 307, 23, 5, 7.510000, 4.000000),
(470, 3, 104, 0, 24, 0, 0.000000, 0.000000),
(471, 3, 104, 265, 25, 1, 8.770000, 8.000000),
(472, 3, 104, 0, 26, 0, 0.000000, 0.000000),
(473, 3, 105, 308, 18, 2, 8.550000, 7.000000),
(474, 3, 105, 309, 19, 4, 7.500000, 5.000000),
(475, 3, 105, 310, 20, 7, 5.410000, 2.000000),
(476, 3, 105, 311, 21, 5, 6.770000, 4.000000),
(477, 3, 105, 270, 22, 1, 9.460000, 8.000000),
(478, 3, 105, 312, 23, 3, 8.290000, 6.000000),
(479, 3, 105, 0, 24, 0, 0.000000, 0.000000),
(480, 3, 105, 313, 25, 6, 6.530000, 3.000000),
(481, 3, 105, 0, 26, 0, 0.000000, 0.000000),
(482, 3, 106, 280, 18, 5, 14.520000, 4.000000),
(483, 3, 106, 314, 19, 3, 16.130000, 6.000000),
(484, 3, 106, 315, 20, 4, 14.930000, 5.000000),
(485, 3, 106, 316, 21, 6, 14.140000, 3.000000),
(486, 3, 106, 317, 22, 1, 18.180000, 8.000000),
(487, 3, 106, 318, 23, 7, 9.170000, 2.000000),
(488, 3, 106, 0, 24, 0, 0.000000, 0.000000),
(489, 3, 106, 319, 25, 2, 16.480000, 7.000000),
(490, 3, 106, 0, 26, 0, 0.000000, 0.000000),
(491, 3, 107, 320, 18, 4, 15.340000, 5.000000),
(492, 3, 107, 321, 19, 1, 19.730000, 8.000000),
(493, 3, 107, 322, 20, 5, 15.150000, 4.000000),
(494, 3, 107, 323, 21, 0, 0.000000, 0.000000),
(495, 3, 107, 324, 22, 3, 16.760000, 6.000000),
(496, 3, 107, 271, 23, 2, 16.810000, 7.000000),
(497, 3, 107, 0, 24, 0, 0.000000, 0.000000),
(498, 3, 107, 325, 25, 0, 0.000000, 0.000000),
(499, 3, 107, 0, 26, 0, 0.000000, 0.000000),
(509, 3, 108, 326, 18, 4, 60.400000, 10.000000),
(510, 3, 108, 327, 19, 3, 60.000000, 12.000000),
(511, 3, 108, 328, 20, 2, 58.500000, 14.000000),
(512, 3, 108, 329, 21, 5, 61.000000, 8.000000),
(513, 3, 108, 330, 22, 1, 58.000000, 16.000000),
(514, 3, 108, 331, 23, 7, 64.200000, 4.000000),
(515, 3, 108, 0, 24, 0, 0.000000, 0.000000),
(516, 3, 108, 333, 25, 6, 61.400000, 6.000000),
(517, 3, 108, 0, 26, 0, 0.000000, 0.000000),
(518, 3, 109, 334, 18, 4, 13.500000, 5.000000),
(519, 3, 109, 335, 19, 1, 12.500000, 8.000000),
(520, 3, 109, 336, 20, 3, 13.200000, 6.000000),
(521, 3, 109, 337, 21, 8, 16.000000, 1.000000),
(522, 3, 109, 338, 22, 7, 14.300000, 2.000000),
(523, 3, 109, 339, 23, 6, 14.000000, 3.000000),
(524, 3, 109, 340, 24, 5, 13.600000, 4.000000),
(525, 3, 109, 341, 25, 2, 12.900000, 7.000000),
(526, 3, 109, 0, 26, 0, 0.000000, 0.000000),
(527, 3, 110, 342, 18, 6, 29.400000, 3.000000),
(528, 3, 110, 343, 19, 3, 27.600000, 6.000000),
(529, 3, 110, 344, 20, 7, 29.700000, 2.000000),
(530, 3, 110, 345, 21, 5, 29.100000, 4.000000),
(531, 3, 110, 346, 22, 4, 28.200000, 5.000000),
(532, 3, 110, 347, 23, 1, 26.000000, 8.000000),
(533, 3, 110, 0, 24, 0, 0.000000, 0.000000),
(534, 3, 110, 348, 25, 2, 26.700000, 7.000000),
(535, 3, 110, 0, 26, 0, 0.000000, 0.000000),
(536, 3, 121, 0, 18, 0, 0.000000, 0.000000),
(537, 3, 121, 349, 19, 3, 12.700000, 6.000000),
(538, 3, 121, 350, 20, 1, 11.900000, 8.000000),
(539, 3, 121, 351, 21, 5, 13.100000, 4.000000),
(540, 3, 121, 352, 22, 7, 13.900000, 2.000000),
(541, 3, 121, 353, 23, 4, 13.000000, 5.000000),
(542, 3, 121, 0, 24, 0, 0.000000, 0.000000),
(543, 3, 121, 354, 25, 2, 12.200000, 7.000000),
(544, 3, 121, 355, 26, 6, 13.400000, 3.000000),
(554, 3, 111, 0, 18, 0, 0.000000, 0.000000),
(555, 3, 111, 356, 19, 2, 64.700000, 7.000000),
(556, 3, 111, 357, 20, 4, 66.000000, 5.000000),
(557, 3, 111, 358, 21, 6, 71.700000, 3.000000),
(558, 3, 111, 359, 22, 1, 63.500000, 8.000000),
(559, 3, 111, 360, 23, 3, 65.600000, 6.000000),
(560, 3, 111, 361, 24, 7, 77.700000, 2.000000),
(561, 3, 111, 362, 25, 5, 68.900000, 4.000000),
(562, 3, 111, 0, 26, 0, 0.000000, 0.000000),
(572, 3, 112, 0, 18, 0, 0.000000, 0.000000),
(573, 3, 112, 363, 19, 7, 181.000000, 2.000000),
(574, 3, 112, 364, 20, 1, 162.000000, 8.000000),
(575, 3, 112, 365, 21, 4, 168.800000, 5.000000),
(576, 3, 112, 366, 22, 5, 170.200000, 4.000000),
(577, 3, 112, 367, 23, 6, 176.200000, 3.000000),
(578, 3, 112, 368, 24, 2, 163.700000, 7.000000),
(579, 3, 112, 369, 25, 3, 164.500000, 6.000000),
(580, 3, 112, 0, 26, 0, 0.000000, 0.000000),
(581, 3, 113, 0, 18, 0, 0.000000, 0.000000),
(582, 3, 113, 370, 19, 4, 358.400000, 5.000000),
(583, 3, 113, 371, 20, 5, 366.800000, 4.000000),
(584, 3, 113, 372, 21, 6, 705.800000, 3.000000),
(585, 3, 113, 373, 22, 1, 306.000000, 8.000000),
(586, 3, 113, 0, 23, 0, 0.000000, 0.000000),
(587, 3, 113, 374, 24, 2, 313.800000, 7.000000),
(588, 3, 113, 375, 25, 3, 340.300000, 6.000000),
(589, 3, 113, 0, 26, 0, 0.000000, 0.000000),
(590, 3, 114, 0, 18, 0, 0.000000, 0.000000),
(591, 3, 114, 376, 19, 1, 1.350000, 8.000000),
(592, 3, 114, 377, 20, 3, 1.250000, 6.000000),
(593, 3, 114, 378, 21, 7, 1.200000, 2.000000),
(594, 3, 114, 379, 22, 6, 1.200000, 3.000000),
(595, 3, 114, 380, 23, 4, 1.200000, 5.000000),
(596, 3, 114, 381, 24, 5, 1.200000, 4.000000),
(597, 3, 114, 382, 25, 2, 1.300000, 7.000000),
(598, 3, 114, 0, 26, 0, 0.000000, 0.000000),
(599, 3, 115, 334, 18, 1, 4.510000, 8.000000),
(600, 3, 115, 383, 19, 5, 3.800000, 4.000000),
(601, 3, 115, 384, 20, 7, 3.540000, 2.000000),
(602, 3, 115, 365, 21, 8, 2.830000, 1.000000),
(603, 3, 115, 385, 22, 2, 4.430000, 7.000000),
(604, 3, 115, 386, 23, 6, 3.740000, 3.000000),
(605, 3, 115, 387, 24, 3, 3.850000, 5.500000),
(606, 3, 115, 388, 25, 3, 3.850000, 5.500000),
(607, 3, 115, 0, 26, 0, 0.000000, 0.000000),
(608, 3, 116, 389, 18, 7, 8.010000, 2.000000),
(609, 3, 116, 343, 19, 4, 9.060000, 5.000000),
(610, 3, 116, 357, 20, 5, 8.530000, 4.000000),
(611, 3, 116, 390, 21, 3, 9.470000, 6.000000),
(612, 3, 116, 346, 22, 1, 10.160000, 8.000000),
(613, 3, 116, 347, 23, 2, 9.940000, 7.000000),
(614, 3, 116, 391, 24, 8, 7.820000, 1.000000),
(615, 3, 116, 392, 25, 6, 8.390000, 3.000000),
(616, 3, 116, 0, 26, 0, 0.000000, 0.000000),
(617, 3, 117, 393, 18, 4, 8.390000, 5.000000),
(618, 3, 117, 394, 19, 1, 10.970000, 8.000000),
(619, 3, 117, 364, 20, 3, 9.180000, 6.000000),
(620, 3, 117, 395, 21, 2, 9.230000, 7.000000),
(621, 3, 117, 366, 22, 5, 7.650000, 4.000000),
(622, 3, 117, 339, 23, 7, 6.960000, 2.000000),
(623, 3, 117, 396, 24, 8, 6.110000, 1.000000),
(624, 3, 117, 397, 25, 6, 7.640000, 3.000000),
(625, 3, 117, 0, 26, 0, 0.000000, 0.000000),
(626, 3, 118, 393, 18, 2, 21.820000, 7.000000),
(627, 3, 118, 398, 19, 3, 21.710000, 6.000000),
(628, 3, 118, 371, 20, 6, 19.110000, 3.000000),
(629, 3, 118, 399, 21, 4, 21.370000, 5.000000),
(630, 3, 118, 400, 22, 1, 24.670000, 8.000000),
(631, 3, 118, 347, 23, 5, 19.280000, 4.000000),
(632, 3, 118, 401, 24, 8, 15.330000, 1.000000),
(633, 3, 118, 402, 25, 7, 18.430000, 2.000000),
(634, 3, 118, 0, 26, 0, 0.000000, 0.000000),
(635, 3, 119, 0, 18, 0, 0.000000, 0.000000),
(636, 3, 119, 403, 19, 7, 18.150000, 2.000000),
(637, 3, 119, 404, 20, 1, 25.680000, 8.000000),
(638, 3, 119, 372, 21, 4, 20.930000, 5.000000),
(639, 3, 119, 405, 22, 2, 21.760000, 7.000000),
(640, 3, 119, 406, 23, 5, 19.890000, 4.000000),
(641, 3, 119, 401, 24, 3, 20.950000, 6.000000),
(642, 3, 119, 375, 25, 6, 18.880000, 3.000000),
(643, 3, 119, 0, 26, 0, 0.000000, 0.000000),
(644, 3, 120, 326, 18, 7, 58.600000, 4.000000),
(645, 3, 120, 327, 19, 1, 54.000000, 16.000000),
(646, 3, 120, 328, 20, 4, 56.700000, 10.000000),
(647, 3, 120, 329, 21, 6, 58.200000, 6.000000),
(648, 3, 120, 330, 22, 5, 57.600000, 8.000000),
(649, 3, 120, 331, 23, 3, 56.300000, 12.000000),
(650, 3, 120, 0, 24, 0, 0.000000, 0.000000),
(651, 3, 120, 333, 25, 2, 54.800000, 14.000000),
(652, 3, 120, 0, 26, 0, 0.000000, 0.000000),
(653, 3, 122, 0, 18, 0, 0.000000, 0.000000),
(654, 3, 122, 407, 19, 1, 25.300000, 8.000000),
(655, 3, 122, 408, 20, 3, 26.900000, 6.000000),
(656, 3, 122, 409, 21, 5, 27.300000, 4.000000),
(657, 3, 122, 410, 22, 4, 27.300000, 5.000000),
(658, 3, 122, 411, 23, 6, 27.600000, 3.000000),
(659, 3, 122, 0, 24, 0, 0.000000, 0.000000),
(660, 3, 122, 412, 25, 2, 25.500000, 7.000000),
(661, 3, 122, 413, 26, 7, 27.900000, 2.000000),
(662, 3, 123, 414, 18, 4, 65.400000, 5.000000),
(663, 3, 123, 415, 19, 2, 61.900000, 7.000000),
(664, 3, 123, 416, 20, 1, 58.300000, 8.000000),
(665, 3, 123, 417, 21, 5, 65.600000, 4.000000),
(666, 3, 123, 418, 22, 3, 63.100000, 6.000000),
(667, 3, 123, 0, 23, 0, 0.000000, 0.000000),
(668, 3, 123, 0, 24, 0, 0.000000, 0.000000),
(669, 3, 123, 419, 25, 7, 66.700000, 2.000000),
(670, 3, 123, 420, 26, 6, 65.900000, 3.000000),
(671, 3, 124, 0, 18, 0, 0.000000, 0.000000),
(672, 3, 124, 421, 19, 6, 161.300000, 3.000000),
(673, 3, 124, 422, 20, 5, 160.600000, 4.000000),
(674, 3, 124, 423, 21, 7, 163.500000, 2.000000),
(675, 3, 124, 424, 22, 4, 158.900000, 5.000000),
(676, 3, 124, 425, 23, 3, 155.600000, 6.000000),
(677, 3, 124, 0, 24, 0, 0.000000, 0.000000),
(678, 3, 124, 426, 25, 1, 142.400000, 8.000000),
(679, 3, 124, 427, 26, 2, 147.200000, 7.000000),
(680, 3, 133, 0, 18, 0, 0.000000, 0.000000),
(681, 3, 133, 428, 19, 6, 13.300000, 3.000000),
(682, 3, 133, 429, 20, 2, 12.000000, 7.000000),
(683, 3, 133, 430, 21, 5, 12.900000, 4.000000),
(684, 3, 133, 431, 22, 7, 14.300000, 2.000000),
(685, 3, 133, 432, 23, 4, 12.700000, 5.000000),
(686, 3, 133, 0, 24, 0, 0.000000, 0.000000),
(687, 3, 133, 433, 25, 1, 11.800000, 8.000000),
(688, 3, 133, 434, 26, 3, 12.200000, 6.000000),
(689, 3, 125, 0, 18, 0, 0.000000, 0.000000),
(690, 3, 125, 435, 19, 5, 318.500000, 4.000000),
(691, 3, 125, 436, 20, 1, 297.800000, 8.000000),
(692, 3, 125, 437, 21, 6, 326.900000, 3.000000),
(693, 3, 125, 438, 22, 3, 306.800000, 6.000000),
(694, 3, 125, 439, 23, 7, 328.900000, 2.000000),
(695, 3, 125, 0, 24, 0, 0.000000, 0.000000),
(696, 3, 125, 440, 25, 4, 316.500000, 5.000000),
(697, 3, 125, 441, 26, 2, 306.400000, 7.000000),
(698, 3, 134, 0, 18, 0, 0.000000, 0.000000),
(699, 3, 134, 442, 19, 1, 24.900000, 8.000000),
(700, 3, 134, 443, 20, 5, 26.300000, 4.000000),
(701, 3, 134, 444, 21, 2, 25.600000, 7.000000),
(702, 3, 134, 445, 22, 7, 27.000000, 2.000000),
(703, 3, 134, 432, 23, 3, 25.800000, 6.000000),
(704, 3, 134, 0, 24, 0, 0.000000, 0.000000),
(705, 3, 134, 446, 25, 4, 26.200000, 5.000000),
(706, 3, 134, 447, 26, 6, 26.500000, 3.000000),
(707, 3, 126, 448, 18, 4, 1.450000, 5.000000),
(708, 3, 126, 449, 19, 5, 1.450000, 4.000000),
(709, 3, 126, 450, 20, 3, 1.500000, 6.000000),
(710, 3, 126, 451, 21, 8, 1.300000, 1.000000),
(711, 3, 126, 352, 22, 6, 1.450000, 3.000000),
(712, 3, 126, 452, 23, 1, 1.550000, 8.000000),
(713, 3, 126, 0, 24, 0, 0.000000, 0.000000),
(714, 3, 126, 453, 25, 2, 1.500000, 7.000000),
(715, 3, 126, 427, 26, 7, 1.350000, 2.000000),
(716, 3, 127, 0, 18, 0, 0.000000, 0.000000),
(717, 3, 127, 454, 19, 1, 4.850000, 8.000000),
(718, 3, 127, 450, 20, 2, 4.740000, 7.000000),
(719, 3, 127, 455, 21, 3, 4.610000, 6.000000),
(720, 3, 127, 438, 22, 6, 4.080000, 3.000000),
(721, 3, 127, 456, 23, 4, 4.580000, 5.000000),
(722, 3, 127, 0, 24, 0, 0.000000, 0.000000),
(723, 3, 127, 457, 25, 5, 4.100000, 4.000000),
(724, 3, 127, 420, 26, 7, 4.000000, 2.000000),
(725, 3, 128, 0, 18, 0, 0.000000, 0.000000),
(726, 3, 128, 458, 19, 5, 10.000000, 4.000000),
(727, 3, 128, 350, 20, 2, 10.690000, 7.000000),
(728, 3, 128, 459, 21, 7, 9.720000, 2.000000),
(729, 3, 128, 418, 22, 4, 10.120000, 5.000000),
(730, 3, 128, 460, 23, 6, 9.810000, 3.000000),
(731, 3, 128, 0, 24, 0, 0.000000, 0.000000),
(732, 3, 128, 354, 25, 1, 11.280000, 8.000000),
(733, 3, 128, 461, 26, 3, 10.380000, 6.000000),
(734, 3, 135, 0, 18, 0, 0.000000, 0.000000),
(735, 3, 135, 462, 19, 2, 59.200000, 7.000000),
(736, 3, 135, 463, 20, 1, 58.500000, 8.000000),
(737, 3, 135, 464, 21, 7, 64.500000, 2.000000),
(738, 3, 135, 465, 22, 6, 62.100000, 3.000000),
(739, 3, 135, 466, 23, 5, 61.000000, 4.000000),
(740, 3, 135, 0, 24, 0, 0.000000, 0.000000),
(741, 3, 135, 467, 25, 3, 59.700000, 6.000000),
(742, 3, 135, 468, 26, 4, 60.100000, 5.000000),
(743, 3, 129, 469, 18, 1, 12.040000, 8.000000),
(744, 3, 129, 470, 19, 4, 9.610000, 5.000000),
(745, 3, 129, 471, 20, 3, 10.480000, 6.000000),
(746, 3, 129, 472, 21, 7, 8.730000, 2.000000),
(747, 3, 129, 473, 22, 6, 8.730000, 3.000000),
(748, 3, 129, 411, 23, 8, 7.740000, 1.000000),
(749, 3, 129, 0, 24, 0, 0.000000, 0.000000),
(750, 3, 129, 412, 25, 2, 11.590000, 7.000000),
(751, 3, 129, 474, 26, 5, 9.130000, 4.000000),
(752, 3, 130, 0, 18, 0, 0.000000, 0.000000),
(753, 3, 130, 349, 19, 6, 18.410000, 3.000000),
(754, 3, 130, 475, 20, 4, 20.800000, 5.000000),
(755, 3, 130, 476, 21, 7, 17.980000, 2.000000),
(756, 3, 130, 424, 22, 3, 21.780000, 6.000000),
(757, 3, 130, 353, 23, 2, 22.820000, 7.000000),
(758, 3, 130, 0, 24, 0, 0.000000, 0.000000),
(759, 3, 130, 477, 25, 1, 23.320000, 8.000000),
(760, 3, 130, 478, 26, 5, 18.860000, 4.000000),
(761, 3, 136, 0, 18, 0, 0.000000, 0.000000),
(762, 3, 136, 479, 19, 3, 151.100000, 6.000000),
(763, 3, 136, 480, 20, 1, 145.200000, 8.000000),
(764, 3, 136, 481, 21, 2, 146.900000, 7.000000),
(765, 3, 136, 482, 22, 7, 168.500000, 2.000000),
(766, 3, 136, 483, 23, 5, 158.700000, 4.000000),
(767, 3, 136, 0, 24, 0, 0.000000, 0.000000),
(768, 3, 136, 484, 25, 4, 153.900000, 5.000000),
(769, 3, 136, 485, 26, 6, 167.800000, 3.000000),
(770, 3, 131, 486, 18, 6, 26.240000, 3.000000),
(771, 3, 131, 487, 19, 4, 27.570000, 5.000000),
(772, 3, 131, 488, 20, 1, 29.610000, 8.000000),
(773, 3, 131, 489, 21, 5, 27.070000, 4.000000),
(774, 3, 131, 490, 22, 7, 23.580000, 2.000000),
(775, 3, 131, 491, 23, 3, 27.950000, 6.000000),
(776, 3, 131, 0, 24, 0, 0.000000, 0.000000),
(777, 3, 131, 492, 25, 8, 2.000000, 1.000000),
(778, 3, 131, 493, 26, 2, 28.140000, 7.000000),
(779, 3, 132, 0, 18, 0, 0.000000, 0.000000),
(780, 3, 132, 327, 19, 3, 51.600000, 12.000000),
(781, 3, 132, 328, 20, 2, 51.000000, 14.000000),
(782, 3, 132, 329, 21, 5, 53.700000, 8.000000),
(783, 3, 132, 330, 22, 4, 52.400000, 10.000000),
(784, 3, 132, 331, 23, 6, 54.000000, 6.000000),
(785, 3, 132, 0, 24, 0, 0.000000, 0.000000),
(786, 3, 132, 333, 25, 1, 49.600000, 16.000000),
(787, 3, 132, 494, 26, 7, 54.900000, 4.000000),
(788, 3, 144, 0, 18, 0, 0.000000, 0.000000),
(789, 3, 144, 327, 19, 3, 49.700000, 12.000000),
(790, 3, 144, 328, 20, 2, 49.200000, 14.000000),
(791, 3, 144, 329, 21, 5, 52.200000, 8.000000),
(792, 3, 144, 330, 22, 6, 52.600000, 6.000000),
(793, 3, 144, 331, 23, 7, 53.100000, 4.000000),
(794, 3, 144, 0, 24, 0, 0.000000, 0.000000),
(795, 3, 144, 333, 25, 1, 48.800000, 16.000000),
(796, 3, 144, 494, 26, 4, 50.200000, 10.000000),
(797, 3, 137, 0, 18, 0, 0.000000, 0.000000),
(798, 3, 137, 495, 19, 3, 325.600000, 6.000000),
(799, 3, 137, 496, 20, 1, 305.000000, 8.000000),
(800, 3, 137, 497, 21, 2, 313.600000, 7.000000),
(801, 3, 137, 498, 22, 5, 346.800000, 4.000000),
(802, 3, 137, 499, 23, 7, 385.600000, 2.000000),
(803, 3, 137, 0, 24, 0, 0.000000, 0.000000),
(804, 3, 137, 500, 25, 4, 328.000000, 5.000000),
(805, 3, 137, 501, 26, 6, 381.100000, 3.000000),
(806, 3, 138, 502, 18, 1, 1.550000, 8.000000),
(807, 3, 138, 503, 19, 2, 1.450000, 7.000000),
(808, 3, 138, 504, 20, 3, 1.450000, 6.000000),
(809, 3, 138, 505, 21, 7, 1.350000, 2.000000),
(810, 3, 138, 498, 22, 6, 1.350000, 3.000000),
(811, 3, 138, 483, 23, 8, 1.300000, 1.000000),
(812, 3, 138, 0, 24, 0, 0.000000, 0.000000),
(813, 3, 138, 506, 25, 4, 1.400000, 5.000000),
(814, 3, 138, 507, 26, 5, 1.400000, 4.000000),
(815, 3, 139, 0, 18, 0, 0.000000, 0.000000),
(816, 3, 139, 508, 19, 3, 5.370000, 6.000000),
(817, 3, 139, 496, 20, 1, 5.540000, 8.000000),
(818, 3, 139, 444, 21, 4, 5.140000, 5.000000),
(819, 3, 139, 445, 22, 5, 4.970000, 4.000000),
(820, 3, 139, 509, 23, 7, 4.140000, 2.000000),
(821, 3, 139, 0, 24, 0, 0.000000, 0.000000),
(822, 3, 139, 433, 25, 2, 5.440000, 7.000000),
(823, 3, 139, 510, 26, 6, 4.850000, 3.000000),
(824, 3, 140, 0, 18, 0, 0.000000, 0.000000),
(825, 3, 140, 511, 19, 4, 11.410000, 5.000000),
(826, 3, 140, 429, 20, 3, 11.640000, 6.000000),
(827, 3, 140, 430, 21, 5, 11.290000, 4.000000),
(828, 3, 140, 512, 22, 7, 10.320000, 2.000000),
(829, 3, 140, 513, 23, 2, 11.790000, 7.000000),
(830, 3, 140, 0, 24, 0, 0.000000, 0.000000),
(831, 3, 140, 514, 25, 1, 11.850000, 8.000000),
(832, 3, 140, 434, 26, 6, 10.570000, 3.000000),
(833, 3, 141, 0, 18, 0, 0.000000, 0.000000),
(834, 3, 141, 515, 19, 1, 10.970000, 8.000000),
(835, 3, 141, 516, 20, 6, 8.000000, 3.000000),
(836, 3, 141, 517, 21, 4, 8.520000, 5.000000),
(837, 3, 141, 431, 22, 7, 6.780000, 2.000000),
(838, 3, 141, 518, 23, 5, 8.310000, 4.000000),
(839, 3, 141, 0, 24, 0, 0.000000, 0.000000),
(840, 3, 141, 519, 25, 2, 10.380000, 7.000000),
(841, 3, 141, 520, 26, 3, 9.710000, 6.000000),
(842, 3, 142, 0, 18, 0, 0.000000, 0.000000),
(843, 3, 142, 521, 19, 2, 21.990000, 7.000000),
(844, 3, 142, 443, 20, 1, 24.470000, 8.000000),
(845, 3, 142, 522, 21, 4, 21.860000, 5.000000),
(846, 3, 142, 523, 22, 0, 0.000000, 0.000000),
(847, 3, 142, 524, 23, 3, 21.970000, 6.000000),
(848, 3, 142, 0, 24, 0, 0.000000, 0.000000),
(849, 3, 142, 525, 25, 5, 19.810000, 4.000000),
(850, 3, 142, 526, 26, 6, 18.800000, 3.000000),
(851, 3, 143, 0, 18, 0, 0.000000, 0.000000),
(852, 3, 143, 527, 19, 3, 23.200000, 6.000000),
(853, 3, 143, 528, 20, 5, 20.720000, 4.000000),
(854, 3, 143, 529, 21, 0, 0.000000, 0.000000),
(855, 3, 143, 512, 22, 2, 29.310000, 7.000000),
(856, 3, 143, 530, 23, 4, 21.220000, 5.000000),
(857, 3, 143, 0, 24, 0, 0.000000, 0.000000),
(858, 3, 143, 531, 25, 6, 20.400000, 3.000000),
(859, 3, 143, 532, 26, 1, 36.160000, 8.000000),
(860, 4, 160, 540, 27, 4, 163.200000, 5.000000),
(861, 4, 160, 541, 28, 6, 167.200000, 3.000000),
(862, 4, 160, 542, 29, 1, 156.600000, 8.000000),
(863, 4, 160, 543, 30, 2, 158.300000, 7.000000),
(864, 4, 160, 544, 31, 3, 159.000000, 6.000000),
(865, 4, 160, 545, 32, 7, 190.500000, 2.000000),
(866, 4, 160, 546, 33, 5, 167.100000, 4.000000),
(867, 4, 160, 0, 34, 0, 0.000000, 0.000000),
(868, 4, 148, 547, 27, 3, 167.300000, 6.000000),
(869, 4, 148, 548, 28, 4, 169.300000, 5.000000),
(870, 4, 148, 549, 29, 1, 157.300000, 8.000000),
(871, 4, 148, 550, 30, 2, 166.200000, 7.000000),
(872, 4, 148, 551, 31, 6, 181.300000, 3.000000),
(873, 4, 148, 552, 32, 7, 183.450000, 2.000000),
(874, 4, 148, 553, 33, 5, 178.300000, 4.000000),
(875, 4, 148, 0, 34, 0, 0.000000, 0.000000),
(876, 4, 187, 554, 27, 3, 5.100000, 6.000000),
(877, 4, 187, 555, 28, 5, 4.900000, 4.000000),
(878, 4, 187, 556, 29, 4, 5.070000, 5.000000),
(879, 4, 187, 0, 30, 0, 0.000000, 0.000000),
(880, 4, 187, 0, 31, 0, 0.000000, 0.000000),
(881, 4, 187, 0, 32, 0, 0.000000, 0.000000),
(882, 4, 187, 557, 33, 1, 5.190000, 8.000000),
(883, 4, 187, 558, 34, 2, 5.110000, 7.000000),
(884, 4, 184, 565, 27, 1, 139.500000, 8.000000),
(885, 4, 184, 566, 28, 6, 162.200000, 3.000000),
(886, 4, 184, 567, 29, 4, 157.400000, 5.000000),
(887, 4, 184, 568, 30, 5, 160.700000, 4.000000),
(888, 4, 184, 0, 31, 0, 0.000000, 0.000000),
(889, 4, 184, 0, 32, 0, 0.000000, 0.000000),
(890, 4, 184, 569, 33, 3, 148.700000, 6.000000),
(891, 4, 184, 570, 34, 2, 141.100000, 7.000000),
(892, 4, 177, 559, 27, 1, 9.840000, 8.000000),
(893, 4, 177, 560, 28, 6, 8.500000, 3.000000),
(894, 4, 177, 561, 29, 2, 9.620000, 7.000000),
(895, 4, 177, 0, 30, 0, 0.000000, 0.000000),
(896, 4, 177, 562, 31, 4, 9.540000, 5.000000),
(897, 4, 177, 0, 32, 0, 0.000000, 0.000000),
(898, 4, 177, 563, 33, 5, 8.930000, 4.000000),
(899, 4, 177, 564, 34, 3, 9.590000, 6.000000),
(900, 4, 167, 540, 27, 4, 22.810000, 5.000000),
(901, 4, 167, 571, 28, 3, 24.390000, 6.000000),
(902, 4, 167, 572, 29, 2, 25.270000, 7.000000),
(903, 4, 167, 573, 30, 1, 30.510000, 8.000000),
(904, 4, 167, 574, 31, 5, 18.820000, 4.000000),
(905, 4, 167, 0, 32, 0, 0.000000, 0.000000),
(906, 4, 167, 575, 33, 6, 17.400000, 3.000000),
(907, 4, 167, 0, 34, 0, 0.000000, 0.000000),
(908, 4, 190, 576, 27, 4, 21.750000, 5.000000),
(909, 4, 190, 577, 28, 1, 24.760000, 8.000000),
(910, 4, 190, 578, 29, 5, 19.380000, 4.000000),
(911, 4, 190, 0, 30, 0, 0.000000, 0.000000),
(912, 4, 190, 579, 31, 6, 18.580000, 3.000000),
(913, 4, 190, 0, 32, 0, 0.000000, 0.000000),
(914, 4, 190, 580, 33, 2, 23.870000, 7.000000),
(915, 4, 190, 581, 34, 3, 22.700000, 6.000000),
(924, 4, 145, 589, 27, 4, 14.400000, 5.000000),
(925, 4, 145, 590, 28, 5, 14.800000, 4.000000),
(926, 4, 145, 591, 29, 1, 13.250000, 8.000000),
(927, 4, 145, 592, 30, 6, 15.100000, 3.000000),
(928, 4, 145, 593, 31, 3, 14.100000, 6.000000),
(929, 4, 145, 594, 32, 7, 15.300000, 2.000000),
(930, 4, 145, 595, 33, 2, 13.490000, 7.000000),
(931, 4, 145, 0, 34, 0, 0.000000, 0.000000),
(932, 4, 157, 596, 27, 3, 13.100000, 6.000000),
(933, 4, 157, 597, 28, 2, 13.010000, 7.000000),
(934, 4, 157, 598, 29, 5, 13.600000, 4.000000),
(935, 4, 157, 599, 30, 6, 14.100000, 3.000000),
(936, 4, 157, 600, 31, 4, 13.600000, 5.000000),
(937, 4, 157, 601, 32, 7, 14.400000, 2.000000),
(938, 4, 157, 602, 33, 1, 12.690000, 8.000000),
(939, 4, 157, 0, 34, 0, 0.000000, 0.000000),
(940, 4, 176, 603, 27, 1, 11.680000, 8.000000),
(941, 4, 176, 604, 28, 5, 8.930000, 4.000000),
(942, 4, 176, 605, 29, 6, 8.560000, 3.000000),
(943, 4, 176, 606, 30, 3, 9.520000, 6.000000),
(944, 4, 176, 607, 31, 2, 11.380000, 7.000000),
(945, 4, 176, 0, 32, 0, 0.000000, 0.000000),
(946, 4, 176, 608, 33, 4, 8.970000, 5.000000),
(947, 4, 176, 609, 34, 7, 8.420000, 2.000000),
(948, 4, 172, 603, 27, 3, 152.500000, 6.000000),
(949, 4, 172, 583, 28, 2, 151.000000, 7.000000),
(950, 4, 172, 584, 29, 4, 153.000000, 5.000000),
(951, 4, 172, 585, 30, 5, 156.500000, 4.000000),
(952, 4, 172, 586, 31, 7, 162.300000, 2.000000),
(953, 4, 172, 0, 32, 0, 0.000000, 0.000000),
(954, 4, 172, 587, 33, 1, 148.700000, 8.000000),
(955, 4, 172, 588, 34, 6, 158.300000, 3.000000),
(956, 4, 181, 610, 27, 2, 11.470000, 7.000000),
(957, 4, 181, 611, 28, 3, 11.540000, 6.000000),
(958, 4, 181, 612, 29, 6, 12.550000, 3.000000),
(959, 4, 181, 0, 30, 0, 0.000000, 0.000000),
(960, 4, 181, 579, 31, 5, 12.240000, 4.000000),
(961, 4, 181, 0, 32, 0, 0.000000, 0.000000),
(962, 4, 181, 613, 33, 1, 10.960000, 8.000000),
(963, 4, 181, 558, 34, 4, 11.610000, 5.000000),
(964, 4, 169, 614, 27, 1, 11.970000, 8.000000),
(965, 4, 169, 615, 28, 7, 13.800000, 2.000000),
(966, 4, 169, 616, 29, 4, 12.750000, 5.000000),
(967, 4, 169, 617, 30, 5, 13.250000, 4.000000),
(968, 4, 169, 618, 31, 3, 12.470000, 6.000000),
(969, 4, 169, 0, 32, 0, 0.000000, 0.000000),
(970, 4, 169, 619, 33, 2, 12.240000, 7.000000),
(971, 4, 169, 620, 34, 6, 13.530000, 3.000000),
(972, 4, 189, 621, 27, 3, 10.160000, 6.000000),
(973, 4, 189, 622, 28, 4, 9.660000, 4.500000),
(974, 4, 189, 612, 29, 6, 8.690000, 3.000000),
(975, 4, 189, 0, 30, 0, 0.000000, 0.000000),
(976, 4, 189, 623, 31, 2, 10.170000, 7.000000),
(977, 4, 189, 0, 32, 0, 0.000000, 0.000000),
(978, 4, 189, 613, 33, 1, 11.170000, 8.000000),
(979, 4, 189, 624, 34, 4, 9.660000, 4.500000),
(980, 4, 147, 625, 27, 2, 66.700000, 7.000000),
(981, 4, 147, 626, 28, 5, 72.900000, 4.000000),
(982, 4, 147, 627, 29, 3, 66.900000, 6.000000),
(983, 4, 147, 628, 30, 1, 66.400000, 8.000000),
(984, 4, 147, 629, 31, 6, 78.900000, 3.000000),
(985, 4, 147, 0, 32, 0, 0.000000, 0.000000),
(986, 4, 147, 630, 33, 4, 72.300000, 5.000000),
(987, 4, 147, 0, 34, 0, 0.000000, 0.000000),
(996, 4, 159, 635, 27, 3, 65.100000, 6.000000),
(997, 4, 159, 636, 28, 4, 65.700000, 5.000000),
(998, 4, 159, 637, 29, 2, 62.500000, 7.000000),
(999, 4, 159, 638, 30, 1, 57.700000, 8.000000),
(1000, 4, 159, 600, 31, 7, 83.600000, 2.000000),
(1001, 4, 159, 639, 32, 5, 69.300000, 4.000000),
(1002, 4, 159, 640, 33, 6, 72.300000, 3.000000),
(1003, 4, 159, 0, 34, 0, 0.000000, 0.000000),
(1004, 4, 178, 641, 27, 1, 27.040000, 8.000000),
(1005, 4, 178, 642, 28, 2, 26.430000, 7.000000),
(1006, 4, 178, 643, 29, 3, 24.960000, 6.000000),
(1007, 4, 178, 644, 30, 6, 17.430000, 3.000000),
(1008, 4, 178, 562, 31, 7, 14.250000, 2.000000),
(1009, 4, 178, 0, 32, 0, 0.000000, 0.000000),
(1010, 4, 178, 645, 33, 4, 19.950000, 5.000000),
(1011, 4, 178, 646, 34, 5, 17.650000, 4.000000),
(1012, 4, 155, 647, 27, 1, 19.190000, 8.000000),
(1013, 4, 155, 648, 28, 2, 18.050000, 7.000000),
(1014, 4, 155, 649, 29, 4, 14.410000, 5.000000),
(1015, 4, 155, 650, 30, 6, 7.900000, 3.000000),
(1016, 4, 155, 593, 31, 3, 15.210000, 6.000000),
(1017, 4, 155, 651, 32, 5, 10.750000, 4.000000),
(1018, 4, 155, 652, 33, 7, 6.800000, 2.000000),
(1019, 4, 155, 0, 34, 0, 0.000000, 0.000000),
(1020, 4, 162, 635, 27, 4, 1.250000, 5.000000),
(1021, 4, 162, 653, 28, 2, 1.400000, 7.000000),
(1022, 4, 162, 654, 29, 3, 1.300000, 6.000000),
(1023, 4, 162, 543, 30, 6, 0.000000, 2.500000),
(1024, 4, 162, 655, 31, 6, 0.000000, 2.500000),
(1025, 4, 162, 656, 32, 1, 1.430000, 8.000000),
(1026, 4, 162, 657, 33, 5, 1.200000, 4.000000),
(1027, 4, 162, 0, 34, 0, 0.000000, 0.000000),
(1028, 4, 171, 658, 27, 3, 61.300000, 6.000000),
(1029, 4, 171, 659, 28, 2, 59.100000, 7.000000),
(1030, 4, 171, 561, 29, 5, 61.800000, 4.000000),
(1031, 4, 171, 632, 30, 6, 63.200000, 3.000000),
(1032, 4, 171, 633, 31, 7, 70.800000, 2.000000),
(1033, 4, 171, 0, 32, 0, 0.000000, 0.000000),
(1034, 4, 171, 660, 33, 4, 61.700000, 5.000000),
(1035, 4, 171, 646, 34, 1, 58.500000, 8.000000),
(1036, 4, 183, 661, 27, 3, 60.300000, 6.000000),
(1037, 4, 183, 555, 28, 2, 59.500000, 7.000000),
(1038, 4, 183, 662, 29, 4, 60.500000, 5.000000),
(1039, 4, 183, 0, 30, 0, 0.000000, 0.000000),
(1040, 4, 183, 0, 31, 0, 0.000000, 0.000000),
(1041, 4, 183, 0, 32, 0, 0.000000, 0.000000),
(1042, 4, 183, 663, 33, 1, 55.800000, 8.000000),
(1043, 4, 183, 664, 34, 5, 62.700000, 4.000000),
(1044, 4, 150, 665, 27, 5, 1.150000, 4.000000),
(1045, 4, 150, 666, 28, 3, 1.200000, 6.000000),
(1046, 4, 150, 667, 29, 6, 0.000000, 2.500000),
(1047, 4, 150, 668, 30, 2, 1.200000, 7.000000),
(1048, 4, 150, 669, 31, 6, 0.000000, 2.500000),
(1049, 4, 150, 594, 32, 4, 1.150000, 5.000000),
(1050, 4, 150, 670, 33, 1, 1.300000, 8.000000),
(1051, 4, 150, 0, 34, 0, 0.000000, 0.000000),
(1052, 4, 166, 671, 27, 3, 19.680000, 6.000000),
(1053, 4, 166, 672, 28, 5, 13.940000, 4.000000),
(1054, 4, 166, 673, 29, 1, 24.060000, 8.000000),
(1055, 4, 166, 0, 30, 0, 0.000000, 0.000000),
(1056, 4, 166, 674, 31, 4, 15.380000, 5.000000),
(1057, 4, 166, 0, 32, 0, 0.000000, 0.000000),
(1058, 4, 166, 675, 33, 2, 22.860000, 7.000000),
(1059, 4, 166, 0, 34, 0, 0.000000, 0.000000),
(1060, 4, 153, 676, 27, 5, 7.090000, 4.000000),
(1061, 4, 153, 677, 28, 1, 8.240000, 8.000000),
(1062, 4, 153, 591, 29, 4, 7.570000, 5.000000),
(1063, 4, 153, 628, 30, 6, 5.800000, 3.000000),
(1064, 4, 153, 678, 31, 3, 7.770000, 6.000000),
(1065, 4, 153, 0, 32, 0, 0.000000, 0.000000),
(1066, 4, 153, 679, 33, 2, 8.050000, 7.000000),
(1067, 4, 153, 0, 34, 0, 0.000000, 0.000000),
(1068, 4, 164, 680, 27, 1, 10.540000, 8.000000),
(1069, 4, 164, 597, 28, 3, 9.550000, 6.000000),
(1070, 4, 164, 598, 29, 4, 9.110000, 5.000000),
(1071, 4, 164, 681, 30, 5, 8.630000, 4.000000),
(1072, 4, 164, 574, 31, 6, 8.110000, 3.000000),
(1073, 4, 164, 545, 32, 7, 7.810000, 2.000000),
(1074, 4, 164, 602, 33, 2, 10.360000, 7.000000),
(1075, 4, 164, 0, 34, 0, 0.000000, 0.000000),
(1076, 4, 146, 682, 27, 2, 28.900000, 7.000000),
(1077, 4, 146, 683, 28, 5, 31.300000, 4.000000),
(1078, 4, 146, 684, 29, 4, 29.800000, 5.000000),
(1079, 4, 146, 685, 30, 1, 28.700000, 8.000000),
(1080, 4, 146, 686, 31, 3, 29.000000, 6.000000),
(1081, 4, 146, 687, 32, 7, 33.100000, 2.000000),
(1082, 4, 146, 688, 33, 6, 32.400000, 3.000000),
(1083, 4, 146, 0, 34, 0, 0.000000, 0.000000),
(1084, 4, 158, 680, 27, 1, 25.400000, 8.000000),
(1085, 4, 158, 689, 28, 6, 30.200000, 3.000000),
(1086, 4, 158, 690, 29, 2, 26.300000, 7.000000),
(1087, 4, 158, 691, 30, 3, 26.500000, 6.000000),
(1088, 4, 158, 692, 31, 4, 28.500000, 5.000000),
(1089, 4, 158, 693, 32, 7, 31.000000, 2.000000),
(1090, 4, 158, 694, 33, 5, 29.300000, 4.000000),
(1091, 4, 158, 0, 34, 0, 0.000000, 0.000000),
(1092, 4, 152, 625, 27, 7, 8.010000, 2.000000),
(1093, 4, 152, 548, 28, 1, 8.800000, 8.000000),
(1094, 4, 152, 684, 29, 2, 8.420000, 7.000000),
(1095, 4, 152, 695, 30, 5, 8.100000, 4.000000),
(1096, 4, 152, 593, 31, 4, 8.220000, 5.000000),
(1097, 4, 152, 696, 32, 6, 8.070000, 3.000000),
(1098, 4, 152, 697, 33, 3, 8.230000, 6.000000),
(1099, 4, 152, 0, 34, 0, 0.000000, 0.000000),
(1100, 4, 170, 698, 27, 5, 25.300000, 4.000000),
(1101, 4, 170, 699, 28, 6, 26.700000, 3.000000),
(1102, 4, 170, 700, 29, 3, 25.000000, 6.000000),
(1103, 4, 170, 606, 30, 2, 24.800000, 7.000000),
(1104, 4, 170, 607, 31, 1, 24.600000, 8.000000),
(1105, 4, 170, 0, 32, 0, 0.000000, 0.000000),
(1106, 4, 170, 701, 33, 4, 25.300000, 5.000000),
(1107, 4, 170, 702, 34, 7, 27.800000, 2.000000),
(1108, 4, 182, 554, 27, 3, 25.500000, 6.000000),
(1109, 4, 182, 703, 28, 4, 25.600000, 5.000000),
(1110, 4, 182, 704, 29, 5, 26.400000, 4.000000),
(1111, 4, 182, 0, 30, 0, 0.000000, 0.000000),
(1112, 4, 182, 0, 31, 0, 0.000000, 0.000000),
(1113, 4, 182, 0, 32, 0, 0.000000, 0.000000),
(1114, 4, 182, 705, 33, 1, 23.600000, 8.000000),
(1115, 4, 182, 706, 34, 2, 23.800000, 7.000000),
(1116, 4, 154, 547, 27, 5, 14.750000, 4.000000),
(1117, 4, 154, 590, 28, 2, 19.380000, 7.000000),
(1118, 4, 154, 627, 29, 1, 19.540000, 8.000000),
(1119, 4, 154, 592, 30, 4, 15.020000, 5.000000),
(1120, 4, 154, 0, 31, 0, 0.000000, 0.000000),
(1121, 4, 154, 0, 32, 0, 0.000000, 0.000000),
(1122, 4, 154, 707, 33, 3, 16.540000, 6.000000),
(1123, 4, 154, 0, 34, 0, 0.000000, 0.000000),
(1132, 4, 191, 709, 27, 3, 26.800000, 6.000000),
(1133, 4, 191, 710, 28, 1, 28.390000, 8.000000),
(1134, 4, 191, 567, 29, 4, 26.720000, 5.000000),
(1135, 4, 191, 0, 30, 0, 0.000000, 0.000000),
(1136, 4, 191, 623, 31, 6, 21.600000, 3.000000),
(1137, 4, 191, 0, 32, 0, 0.000000, 0.000000),
(1138, 4, 191, 708, 33, 2, 28.130000, 7.000000),
(1139, 4, 191, 664, 34, 5, 26.670000, 4.000000),
(1140, 4, 163, 711, 27, 6, 3.620000, 3.000000),
(1141, 4, 163, 541, 28, 7, 2.970000, 2.000000),
(1142, 4, 163, 712, 29, 1, 4.520000, 8.000000),
(1143, 4, 163, 691, 30, 2, 4.220000, 7.000000),
(1144, 4, 163, 574, 31, 4, 3.850000, 5.000000),
(1145, 4, 163, 713, 32, 3, 4.140000, 6.000000),
(1146, 4, 163, 714, 33, 5, 3.810000, 4.000000),
(1147, 4, 163, 0, 34, 0, 0.000000, 0.000000),
(1148, 4, 188, 610, 27, 2, 10.740000, 7.000000),
(1149, 4, 188, 611, 28, 1, 10.960000, 8.000000),
(1150, 4, 188, 662, 29, 3, 10.020000, 6.000000),
(1151, 4, 188, 0, 30, 0, 0.000000, 0.000000),
(1152, 4, 188, 715, 31, 5, 0.000000, 3.500000),
(1153, 4, 188, 0, 32, 0, 0.000000, 0.000000),
(1154, 4, 188, 569, 33, 4, 9.600000, 5.000000),
(1155, 4, 188, 570, 34, 5, 0.000000, 3.500000),
(1156, 4, 165, 716, 27, 5, 7.840000, 4.000000),
(1157, 4, 165, 717, 28, 6, 7.340000, 3.000000),
(1158, 4, 165, 718, 29, 1, 10.550000, 8.000000),
(1159, 4, 165, 599, 30, 4, 7.900000, 5.000000),
(1160, 4, 165, 600, 31, 3, 8.630000, 6.000000),
(1161, 4, 165, 693, 32, 2, 8.920000, 7.000000),
(1162, 4, 165, 640, 33, 7, 6.770000, 2.000000),
(1163, 4, 165, 0, 34, 0, 0.000000, 0.000000),
(1164, 4, 179, 719, 27, 4, 27.140000, 5.000000),
(1165, 4, 179, 720, 28, 2, 32.270000, 7.000000),
(1166, 4, 179, 584, 29, 1, 33.410000, 8.000000),
(1167, 4, 179, 721, 30, 3, 29.980000, 6.000000),
(1168, 4, 179, 0, 31, 0, 0.000000, 0.000000),
(1169, 4, 179, 0, 32, 0, 0.000000, 0.000000),
(1170, 4, 179, 722, 33, 5, 24.160000, 4.000000),
(1171, 4, 179, 588, 34, 6, 20.810000, 3.000000),
(1172, 4, 173, 719, 27, 5, 362.100000, 4.000000),
(1173, 4, 173, 723, 28, 2, 325.800000, 7.000000),
(1174, 4, 173, 0, 29, 0, 0.000000, 0.000000),
(1175, 4, 173, 724, 30, 3, 332.600000, 6.000000),
(1176, 4, 173, 0, 31, 0, 0.000000, 0.000000);
INSERT INTO `day_scores` (`sc_id`, `d_id`, `e_id`, `c_id`, `t_id`, `place`, `result`, `worth`) VALUES
(1177, 4, 173, 0, 32, 0, 0.000000, 0.000000),
(1178, 4, 173, 725, 33, 1, 325.700000, 8.000000),
(1179, 4, 173, 609, 34, 4, 350.700000, 5.000000),
(1180, 4, 149, 726, 27, 5, 356.300000, 4.000000),
(1181, 4, 149, 727, 28, 2, 319.600000, 7.000000),
(1182, 4, 149, 728, 29, 4, 348.900000, 5.000000),
(1183, 4, 149, 729, 30, 3, 333.800000, 6.000000),
(1184, 4, 149, 730, 31, 7, 359.800000, 2.000000),
(1185, 4, 149, 731, 32, 1, 317.300000, 8.000000),
(1186, 4, 149, 732, 33, 6, 356.900000, 3.000000),
(1187, 4, 149, 0, 34, 0, 0.000000, 0.000000),
(1188, 4, 161, 733, 27, 3, 335.700000, 6.000000),
(1189, 4, 161, 672, 28, 2, 326.800000, 7.000000),
(1190, 4, 161, 712, 29, 5, 348.800000, 4.000000),
(1191, 4, 161, 681, 30, 1, 318.200000, 8.000000),
(1192, 4, 161, 544, 31, 0, 0.000000, 0.000000),
(1193, 4, 161, 639, 32, 6, 353.900000, 3.000000),
(1194, 4, 161, 734, 33, 4, 336.800000, 5.000000),
(1195, 4, 161, 0, 34, 0, 0.000000, 0.000000),
(1204, 4, 185, 735, 27, 4, 312.100000, 5.000000),
(1205, 4, 185, 736, 28, 2, 285.000000, 7.000000),
(1206, 4, 185, 737, 29, 3, 307.600000, 6.000000),
(1207, 4, 185, 0, 30, 0, 0.000000, 0.000000),
(1208, 4, 185, 0, 31, 0, 0.000000, 0.000000),
(1209, 4, 185, 0, 32, 0, 0.000000, 0.000000),
(1210, 4, 185, 738, 33, 1, 281.600000, 8.000000),
(1211, 4, 185, 739, 34, 5, 324.900000, 4.000000),
(1212, 4, 168, 533, 27, 1, 52.100000, 16.000000),
(1213, 4, 168, 534, 28, 3, 56.800000, 12.000000),
(1214, 4, 168, 535, 29, 2, 53.800000, 14.000000),
(1215, 4, 168, 740, 30, 4, 56.900000, 10.000000),
(1216, 4, 168, 536, 31, 6, 59.300000, 6.000000),
(1217, 4, 168, 0, 32, 0, 0.000000, 0.000000),
(1218, 4, 168, 538, 33, 5, 57.400000, 8.000000),
(1219, 4, 168, 0, 34, 0, 0.000000, 0.000000),
(1228, 4, 151, 682, 27, 4, 4.050000, 5.000000),
(1229, 4, 151, 727, 28, 1, 4.110000, 7.500000),
(1230, 4, 151, 741, 29, 1, 4.110000, 7.500000),
(1231, 4, 151, 742, 30, 7, 3.450000, 2.000000),
(1232, 4, 151, 743, 31, 3, 4.070000, 6.000000),
(1233, 4, 151, 552, 32, 6, 3.570000, 3.000000),
(1234, 4, 151, 595, 33, 5, 3.990000, 4.000000),
(1235, 4, 151, 0, 34, 0, 0.000000, 0.000000),
(1236, 4, 156, 533, 27, 1, 55.600000, 16.000000),
(1237, 4, 156, 534, 28, 5, 61.100000, 8.000000),
(1238, 4, 156, 535, 29, 2, 57.700000, 14.000000),
(1239, 4, 156, 740, 30, 4, 60.000000, 10.000000),
(1240, 4, 156, 536, 31, 6, 61.900000, 6.000000),
(1241, 4, 156, 0, 32, 0, 0.000000, 0.000000),
(1242, 4, 156, 538, 33, 3, 58.900000, 12.000000),
(1243, 4, 156, 0, 34, 0, 0.000000, 0.000000),
(1244, 4, 180, 533, 27, 2, 50.500000, 14.000000),
(1245, 4, 180, 534, 28, 4, 51.800000, 10.000000),
(1246, 4, 180, 535, 29, 5, 52.100000, 8.000000),
(1247, 4, 180, 740, 30, 6, 53.100000, 6.000000),
(1248, 4, 180, 536, 31, 1, 50.200000, 16.000000),
(1249, 4, 180, 0, 32, 0, 0.000000, 0.000000),
(1250, 4, 180, 538, 33, 3, 51.400000, 12.000000),
(1251, 4, 180, 539, 34, 7, 55.100000, 4.000000),
(1260, 4, 186, 747, 27, 5, 1.450000, 4.000000),
(1261, 4, 186, 748, 28, 2, 1.700000, 7.000000),
(1262, 4, 186, 704, 29, 3, 1.650000, 6.000000),
(1263, 4, 186, 0, 30, 0, 0.000000, 0.000000),
(1264, 4, 186, 715, 31, 6, 0.000000, 3.000000),
(1265, 4, 186, 0, 32, 0, 0.000000, 0.000000),
(1266, 4, 186, 749, 33, 4, 1.500000, 5.000000),
(1267, 4, 186, 706, 34, 1, 1.800000, 8.000000),
(1276, 4, 192, 533, 27, 2, 48.500000, 14.000000),
(1277, 4, 192, 534, 28, 3, 49.800000, 12.000000),
(1278, 4, 192, 535, 29, 0, 0.000000, 0.000000),
(1279, 4, 192, 0, 30, 0, 0.000000, 0.000000),
(1280, 4, 192, 0, 31, 0, 0.000000, 0.000000),
(1281, 4, 192, 0, 32, 0, 0.000000, 0.000000),
(1282, 4, 192, 538, 33, 1, 47.600000, 16.000000),
(1283, 4, 192, 539, 34, 4, 51.500000, 10.000000),
(1284, 4, 175, 614, 27, 1, 5.350000, 8.000000),
(1285, 4, 175, 631, 28, 3, 4.980000, 6.000000),
(1286, 4, 175, 616, 29, 2, 5.210000, 7.000000),
(1287, 4, 175, 632, 30, 7, 4.300000, 2.000000),
(1288, 4, 175, 633, 31, 4, 4.840000, 5.000000),
(1289, 4, 175, 0, 32, 0, 0.000000, 0.000000),
(1290, 4, 175, 634, 33, 6, 4.390000, 3.000000),
(1291, 4, 175, 620, 34, 5, 4.530000, 4.000000),
(1292, 4, 174, 698, 27, 4, 1.400000, 5.000000),
(1293, 4, 174, 723, 28, 6, 1.300000, 3.000000),
(1294, 4, 174, 700, 29, 5, 1.350000, 4.000000),
(1295, 4, 174, 744, 30, 3, 1.470000, 6.000000),
(1296, 4, 174, 745, 31, 7, 0.000000, 2.000000),
(1297, 4, 174, 0, 32, 0, 0.000000, 0.000000),
(1298, 4, 174, 746, 33, 1, 1.470000, 8.000000),
(1299, 4, 174, 702, 34, 2, 1.470000, 7.000000);

-- --------------------------------------------------------

--
-- Table structure for table `day_scoreschemes`
--

DROP TABLE IF EXISTS `day_scoreschemes`;
CREATE TABLE IF NOT EXISTS `day_scoreschemes` (
  `ss_id` int(10) unsigned NOT NULL AUTO_INCREMENT,
  `d_id` int(10) unsigned NOT NULL,
  `name` varchar(50) NOT NULL,
  `count_entrants_per_team` tinyint(3) unsigned NOT NULL,
  `result_order` enum('asc','desc') NOT NULL,
  `result_type` varchar(30) NOT NULL,
  `result_units` varchar(20) NOT NULL,
  `result_units_dp` int(10) unsigned NOT NULL,
  PRIMARY KEY (`ss_id`)
) ENGINE=InnoDB  DEFAULT CHARSET=latin1 AUTO_INCREMENT=13 ;

--
-- Dumping data for table `day_scoreschemes`
--

INSERT INTO `day_scoreschemes` (`ss_id`, `d_id`, `name`, `count_entrants_per_team`, `result_order`, `result_type`, `result_units`, `result_units_dp`) VALUES
(4, 2, 'Track', 1, 'asc', 'Time', 'seconds', 2),
(5, 2, 'Field', 1, 'desc', 'Distance', 'metres', 2),
(6, 2, 'Relay', 1, 'asc', 'Time', 'seconds', 2),
(7, 3, 'Track', 1, 'asc', 'Time', 'seconds', 2),
(8, 3, 'Field', 1, 'desc', 'Distance', 'metres', 2),
(9, 3, 'Relay', 1, 'asc', 'Time', 'seconds', 2),
(10, 4, 'Track', 1, 'asc', 'Time', 'seconds', 2),
(11, 4, 'Field', 1, 'desc', 'Distance', 'metres', 2),
(12, 4, 'Relay', 1, 'asc', 'Time', 'seconds', 2);

-- --------------------------------------------------------

--
-- Table structure for table `day_scorescheme_scores`
--

DROP TABLE IF EXISTS `day_scorescheme_scores`;
CREATE TABLE IF NOT EXISTS `day_scorescheme_scores` (
  `sssc_id` int(10) unsigned NOT NULL AUTO_INCREMENT,
  `ss_id` int(10) unsigned NOT NULL,
  `place` tinyint(3) unsigned NOT NULL,
  `score` decimal(10,6) NOT NULL,
  PRIMARY KEY (`sssc_id`)
) ENGINE=InnoDB  DEFAULT CHARSET=latin1 AUTO_INCREMENT=115 ;

--
-- Dumping data for table `day_scorescheme_scores`
--

INSERT INTO `day_scorescheme_scores` (`sssc_id`, `ss_id`, `place`, `score`) VALUES
(31, 4, 1, 8.000000),
(32, 4, 2, 7.000000),
(33, 4, 3, 6.000000),
(34, 4, 4, 5.000000),
(35, 4, 5, 4.000000),
(36, 4, 6, 3.000000),
(37, 4, 7, 2.000000),
(38, 4, 8, 1.000000),
(39, 4, 0, 0.000000),
(40, 5, 1, 8.000000),
(41, 5, 2, 7.000000),
(42, 5, 3, 6.000000),
(43, 5, 4, 5.000000),
(44, 5, 5, 4.000000),
(45, 5, 6, 3.000000),
(46, 5, 7, 2.000000),
(47, 5, 8, 1.000000),
(48, 5, 0, 0.000000),
(49, 6, 1, 16.000000),
(50, 6, 2, 14.000000),
(51, 6, 3, 12.000000),
(52, 6, 4, 10.000000),
(53, 6, 5, 8.000000),
(54, 6, 6, 6.000000),
(55, 6, 7, 4.000000),
(56, 6, 8, 2.000000),
(57, 6, 0, 0.000000),
(58, 7, 1, 8.000000),
(59, 7, 2, 7.000000),
(60, 7, 3, 6.000000),
(61, 7, 4, 5.000000),
(62, 7, 5, 4.000000),
(63, 7, 6, 3.000000),
(64, 7, 7, 2.000000),
(65, 7, 8, 1.000000),
(66, 7, 9, 0.000000),
(67, 7, 0, 0.000000),
(68, 8, 1, 8.000000),
(69, 8, 2, 7.000000),
(70, 8, 3, 6.000000),
(71, 8, 4, 5.000000),
(72, 8, 5, 4.000000),
(73, 8, 6, 3.000000),
(74, 8, 7, 2.000000),
(75, 8, 8, 1.000000),
(76, 8, 9, 0.000000),
(77, 8, 0, 0.000000),
(78, 9, 1, 16.000000),
(79, 9, 2, 14.000000),
(80, 9, 3, 12.000000),
(81, 9, 4, 10.000000),
(82, 9, 5, 8.000000),
(83, 9, 6, 6.000000),
(84, 9, 7, 4.000000),
(85, 9, 8, 2.000000),
(86, 9, 9, 0.000000),
(87, 9, 0, 0.000000),
(88, 10, 1, 8.000000),
(89, 10, 2, 7.000000),
(90, 10, 3, 6.000000),
(91, 10, 4, 5.000000),
(92, 10, 5, 4.000000),
(93, 10, 6, 3.000000),
(94, 10, 7, 2.000000),
(95, 10, 8, 1.000000),
(96, 10, 0, 0.000000),
(97, 11, 1, 8.000000),
(98, 11, 2, 7.000000),
(99, 11, 3, 6.000000),
(100, 11, 4, 5.000000),
(101, 11, 5, 4.000000),
(102, 11, 6, 3.000000),
(103, 11, 7, 2.000000),
(104, 11, 8, 1.000000),
(105, 11, 0, 0.000000),
(106, 12, 1, 16.000000),
(107, 12, 2, 14.000000),
(108, 12, 3, 12.000000),
(109, 12, 4, 10.000000),
(110, 12, 5, 8.000000),
(111, 12, 6, 6.000000),
(112, 12, 7, 4.000000),
(113, 12, 8, 2.000000),
(114, 12, 0, 0.000000);

-- --------------------------------------------------------

--
-- Table structure for table `day_subgroups`
--

DROP TABLE IF EXISTS `day_subgroups`;
CREATE TABLE IF NOT EXISTS `day_subgroups` (
  `sub_id` int(10) unsigned NOT NULL AUTO_INCREMENT,
  `d_id` int(10) unsigned NOT NULL,
  `name` varchar(50) NOT NULL,
  PRIMARY KEY (`sub_id`)
) ENGINE=InnoDB  DEFAULT CHARSET=latin1 AUTO_INCREMENT=21 ;

--
-- Dumping data for table `day_subgroups`
--

INSERT INTO `day_subgroups` (`sub_id`, `d_id`, `name`) VALUES
(6, 2, 'Year 7'),
(7, 2, 'Year 8'),
(8, 2, 'Year 9'),
(9, 2, 'Year 10'),
(10, 2, 'Relay Team'),
(11, 3, 'Year 7'),
(12, 3, 'Year 8'),
(13, 3, 'Year 9'),
(14, 3, 'Year 10'),
(15, 3, 'Relay Team'),
(16, 4, 'Year 7'),
(17, 4, 'Year 8'),
(18, 4, 'Year 9'),
(19, 4, 'Year 10'),
(20, 4, 'Relay Team');

-- --------------------------------------------------------

--
-- Table structure for table `day_teams`
--

DROP TABLE IF EXISTS `day_teams`;
CREATE TABLE IF NOT EXISTS `day_teams` (
  `t_id` int(10) unsigned NOT NULL AUTO_INCREMENT,
  `d_id` int(10) unsigned NOT NULL,
  `name` varchar(50) NOT NULL,
  `initscore` decimal(10,6) NOT NULL DEFAULT '0.000000',
  PRIMARY KEY (`t_id`)
) ENGINE=InnoDB  DEFAULT CHARSET=latin1 AUTO_INCREMENT=35 ;

--
-- Dumping data for table `day_teams`
--

INSERT INTO `day_teams` (`t_id`, `d_id`, `name`, `initscore`) VALUES
(10, 2, 'ARD', 0.000000),
(11, 2, 'AST', 0.000000),
(12, 2, 'CH', 0.000000),
(13, 2, 'FF', 0.000000),
(14, 2, 'HW', 0.000000),
(15, 2, 'KES', 0.000000),
(16, 2, 'KN', 0.000000),
(17, 2, 'OSH', 0.000000),
(18, 3, 'ARD', 0.000000),
(19, 3, 'AST', 0.000000),
(20, 3, 'CH-A', 0.000000),
(21, 3, 'CH-B', 0.000000),
(22, 3, 'FF', 0.000000),
(23, 3, 'HW', 0.000000),
(24, 3, 'KN', 0.000000),
(25, 3, 'OSH', 0.000000),
(26, 3, 'PH', 0.000000),
(27, 4, 'AST', 0.000000),
(28, 4, 'CH', 0.000000),
(29, 4, 'FF', 0.000000),
(30, 4, 'FW', 0.000000),
(31, 4, 'HW', 0.000000),
(32, 4, 'KN', 0.000000),
(33, 4, 'OSH', 0.000000),
(34, 4, 'PH', 0.000000);

-- --------------------------------------------------------

--
-- Table structure for table `logs`
--

DROP TABLE IF EXISTS `logs`;
CREATE TABLE IF NOT EXISTS `logs` (
  `log_id` int(10) unsigned NOT NULL AUTO_INCREMENT,
  `datetime` datetime NOT NULL,
  `u_id` int(10) unsigned NOT NULL,
  `actiondata` text NOT NULL,
  PRIMARY KEY (`log_id`)
) ENGINE=InnoDB  DEFAULT CHARSET=latin1 AUTO_INCREMENT=443 ;

--
-- Dumping data for table `logs`
--

INSERT INTO `logs` (`log_id`, `datetime`, `u_id`, `actiondata`) VALUES
(1, '2012-05-28 13:02:58', 1, 'Logged in.'),
(2, '2012-05-28 13:03:35', 1, 'Changed their password.'),
(3, '2012-05-28 13:04:05', 1, 'Added new User Group ''Event Manager''.'),
(4, '2012-05-28 13:04:09', 1, 'Updated the settings for User Group ''Event Manager''.'),
(5, '2012-05-28 13:04:17', 1, 'Added new User Group ''Scorer''.'),
(6, '2012-05-28 13:04:22', 1, 'Updated the settings for User Group ''Scorer''.'),
(7, '2012-05-28 13:04:29', 1, 'Added new User Group ''Announcer''.'),
(8, '2012-05-28 13:04:32', 1, 'Updated the settings for User Group ''Announcer''.'),
(9, '2012-05-28 13:04:42', 1, 'Updated the settings for User Group ''Announcer''.'),
(10, '2012-05-28 13:08:16', 1, 'Added new Competition Template ''Norman Green Athletics''.'),
(11, '2012-05-28 13:28:38', 1, 'Updated the settings for Competition Template ''Norman Green Athletics''.'),
(12, '2012-05-28 13:31:26', 1, 'Added new Day ''KECHB Athletics 2010''.'),
(13, '2012-05-28 13:31:41', 1, 'Updated the settings for Day ''KECHB Athletics 2010''.'),
(14, '2012-05-28 13:31:48', 1, 'Changed the Active Day to database ID 1.'),
(15, '2012-05-28 13:37:22', 1, 'Deleted the Day ''KECHB Athletics 2010''.'),
(16, '2012-05-28 13:40:07', 1, 'Updated the settings for Competition Template ''Norman Green Athletics''.'),
(17, '2012-05-28 13:40:17', 1, 'Added new Day ''KECHB Athletics 2010''.'),
(18, '2012-05-28 13:40:28', 1, 'Updated the settings for Day ''KECHB Athletics 2010''.'),
(19, '2012-05-28 13:40:32', 1, 'Changed the Active Day to database ID 2.'),
(20, '2012-05-28 13:43:20', 1, 'Added 8 new Competitors to Day ''KECHB Athletics 2010'' while scoring.'),
(21, '2012-05-28 13:43:20', 1, 'Updated the Scores for Event ''Year 7 100 metres'' on Day ''KECHB Athletics 2010''.'),
(22, '2012-05-28 13:46:31', 1, 'Added 7 new Competitors to Day ''KECHB Athletics 2010'' while scoring.'),
(23, '2012-05-28 13:46:45', 1, 'Updated the Scores for Event ''Year 7 200 metres'' on Day ''KECHB Athletics 2010''.'),
(24, '2012-05-28 13:53:46', 1, 'Added 8 new Competitors to Day ''KECHB Athletics 2010'' while scoring.'),
(25, '2012-05-28 13:53:47', 1, 'Updated the Scores for Event ''Year 7 400 metres'' on Day ''KECHB Athletics 2010''.'),
(26, '2012-05-28 13:56:48', 1, 'Added 7 new Competitors to Day ''KECHB Athletics 2010'' while scoring.'),
(27, '2012-05-28 13:56:48', 1, 'Updated the Scores for Event ''Year 7 800 metres'' on Day ''KECHB Athletics 2010''.'),
(28, '2012-05-28 14:00:50', 1, 'Added 7 new Competitors to Day ''KECHB Athletics 2010'' while scoring.'),
(29, '2012-05-28 14:00:50', 1, 'Updated the Scores for Event ''Year 7 1500 metres'' on Day ''KECHB Athletics 2010''.'),
(30, '2012-05-28 14:02:49', 1, 'Updated the settings for Competition Template ''Norman Green Athletics''.'),
(31, '2012-05-28 14:09:46', 1, 'Added 5 new Competitors to Day ''KECHB Athletics 2010'' while scoring.'),
(32, '2012-05-28 14:09:46', 1, 'Updated the Scores for Event ''Year 7 High Jump'' on Day ''KECHB Athletics 2010''.'),
(33, '2012-05-28 14:12:03', 1, 'Added 4 new Competitors to Day ''KECHB Athletics 2010'' while scoring.'),
(34, '2012-05-28 14:12:03', 1, 'Updated the Scores for Event ''Year 7 Long Jump'' on Day ''KECHB Athletics 2010''.'),
(35, '2012-05-28 14:15:21', 1, 'Added 3 new Competitors to Day ''KECHB Athletics 2010'' while scoring.'),
(36, '2012-05-28 14:15:21', 1, 'Updated the Scores for Event ''Year 7 Triple Jump'' on Day ''KECHB Athletics 2010''.'),
(37, '2012-05-28 14:17:43', 1, 'Added 6 new Competitors to Day ''KECHB Athletics 2010'' while scoring.'),
(38, '2012-05-28 14:17:43', 1, 'Updated the Scores for Event ''Year 7 Shot'' on Day ''KECHB Athletics 2010''.'),
(39, '2012-05-28 14:20:13', 1, 'Added 4 new Competitors to Day ''KECHB Athletics 2010'' while scoring.'),
(40, '2012-05-28 14:20:13', 1, 'Updated the Scores for Event ''Year 7 Discus'' on Day ''KECHB Athletics 2010''.'),
(41, '2012-05-28 14:22:28', 1, 'Added 5 new Competitors to Day ''KECHB Athletics 2010'' while scoring.'),
(42, '2012-05-28 14:22:29', 1, 'Updated the Scores for Event ''Year 7 Javelin'' on Day ''KECHB Athletics 2010''.'),
(43, '2012-05-28 14:24:34', 1, 'Added 7 new Competitors to Day ''KECHB Athletics 2010'' while scoring.'),
(44, '2012-05-28 14:24:34', 1, 'Updated the Scores for Event ''Year 7 Relay'' on Day ''KECHB Athletics 2010''.'),
(45, '2012-05-28 14:26:45', 1, 'Updated the settings for Day ''KECHB Athletics 2010''.'),
(46, '2012-05-28 14:31:46', 1, 'Added 8 new Competitors to Day ''KECHB Athletics 2010'' while scoring.'),
(47, '2012-05-28 14:31:46', 1, 'Updated the Scores for Event ''Year 8 100 metres'' on Day ''KECHB Athletics 2010''.'),
(48, '2012-05-28 14:33:37', 1, 'Added 8 new Competitors to Day ''KECHB Athletics 2010'' while scoring.'),
(49, '2012-05-28 14:33:37', 1, 'Updated the Scores for Event ''Year 8 200 metres'' on Day ''KECHB Athletics 2010''.'),
(50, '2012-05-28 14:35:49', 1, 'Added 7 new Competitors to Day ''KECHB Athletics 2010'' while scoring.'),
(51, '2012-05-28 14:35:49', 1, 'Updated the Scores for Event ''Year 8 400 metres'' on Day ''KECHB Athletics 2010''.'),
(52, '2012-05-28 14:40:11', 1, 'Added 8 new Competitors to Day ''KECHB Athletics 2010'' while scoring.'),
(53, '2012-05-28 14:40:11', 1, 'Updated the Scores for Event ''Year 8 800 metres'' on Day ''KECHB Athletics 2010''.'),
(54, '2012-05-28 14:42:20', 1, 'Added 7 new Competitors to Day ''KECHB Athletics 2010'' while scoring.'),
(55, '2012-05-28 14:42:20', 1, 'Updated the Scores for Event ''Year 8 1500 metres'' on Day ''KECHB Athletics 2010''.'),
(56, '2012-05-28 14:45:16', 1, 'Added 6 new Competitors to Day ''KECHB Athletics 2010'' while scoring.'),
(57, '2012-05-28 14:45:16', 1, 'Updated the Scores for Event ''Year 8 High Jump'' on Day ''KECHB Athletics 2010''.'),
(58, '2012-05-28 14:47:01', 1, 'Added 3 new Competitors to Day ''KECHB Athletics 2010'' while scoring.'),
(59, '2012-05-28 14:47:01', 1, 'Updated the Scores for Event ''Year 8 Long Jump'' on Day ''KECHB Athletics 2010''.'),
(60, '2012-05-28 14:47:30', 1, 'Updated the Scores for Event ''Year 8 Long Jump'' on Day ''KECHB Athletics 2010''.'),
(61, '2012-05-28 14:49:38', 1, 'Updated the Scores for Event ''Year 8 Triple Jump'' on Day ''KECHB Athletics 2010''.'),
(62, '2012-05-28 14:51:52', 1, 'Added 4 new Competitors to Day ''KECHB Athletics 2010'' while scoring.'),
(63, '2012-05-28 14:51:52', 1, 'Updated the Scores for Event ''Year 8 Shot'' on Day ''KECHB Athletics 2010''.'),
(64, '2012-05-28 14:53:47', 1, 'Added 3 new Competitors to Day ''KECHB Athletics 2010'' while scoring.'),
(65, '2012-05-28 14:53:47', 1, 'Updated the Scores for Event ''Year 8 Discus'' on Day ''KECHB Athletics 2010''.'),
(66, '2012-05-28 14:56:15', 1, 'Added 5 new Competitors to Day ''KECHB Athletics 2010'' while scoring.'),
(67, '2012-05-28 14:56:15', 1, 'Updated the Scores for Event ''Year 8 Javelin'' on Day ''KECHB Athletics 2010''.'),
(68, '2012-05-28 14:57:24', 1, 'Updated the Scores for Event ''Year 8 Relay'' on Day ''KECHB Athletics 2010''.'),
(69, '2012-05-28 15:24:04', 1, 'Added 8 new Competitors to Day ''KECHB Athletics 2010'' while scoring.'),
(70, '2012-05-28 15:24:04', 1, 'Updated the Scores for Event ''Year 9 100 metres'' on Day ''KECHB Athletics 2010''.'),
(71, '2012-05-28 15:26:05', 1, 'Added 8 new Competitors to Day ''KECHB Athletics 2010'' while scoring.'),
(72, '2012-05-28 15:26:05', 1, 'Updated the Scores for Event ''Year 9 200 metres'' on Day ''KECHB Athletics 2010''.'),
(73, '2012-05-28 15:28:02', 1, 'Added 8 new Competitors to Day ''KECHB Athletics 2010'' while scoring.'),
(74, '2012-05-28 15:28:02', 1, 'Updated the Scores for Event ''Year 9 400 metres'' on Day ''KECHB Athletics 2010''.'),
(75, '2012-05-28 15:30:04', 1, 'Added 8 new Competitors to Day ''KECHB Athletics 2010'' while scoring.'),
(76, '2012-05-28 15:30:04', 1, 'Updated the Scores for Event ''Year 9 800 metres'' on Day ''KECHB Athletics 2010''.'),
(77, '2012-05-28 15:32:14', 1, 'Added 7 new Competitors to Day ''KECHB Athletics 2010'' while scoring.'),
(78, '2012-05-28 15:32:15', 1, 'Updated the Scores for Event ''Year 9 1500 metres'' on Day ''KECHB Athletics 2010''.'),
(79, '2012-05-28 15:33:49', 1, 'Added 4 new Competitors to Day ''KECHB Athletics 2010'' while scoring.'),
(80, '2012-05-28 15:33:49', 1, 'Updated the Scores for Event ''Year 9 High Jump'' on Day ''KECHB Athletics 2010''.'),
(81, '2012-05-28 15:35:14', 1, 'Added 2 new Competitors to Day ''KECHB Athletics 2010'' while scoring.'),
(82, '2012-05-28 15:35:14', 1, 'Updated the Scores for Event ''Year 9 Long Jump'' on Day ''KECHB Athletics 2010''.'),
(83, '2012-05-28 15:37:05', 1, 'Added 2 new Competitors to Day ''KECHB Athletics 2010'' while scoring.'),
(84, '2012-05-28 15:37:05', 1, 'Updated the Scores for Event ''Year 9 Triple Jump'' on Day ''KECHB Athletics 2010''.'),
(85, '2012-05-28 15:38:44', 1, 'Added 6 new Competitors to Day ''KECHB Athletics 2010'' while scoring.'),
(86, '2012-05-28 15:38:44', 1, 'Updated the Scores for Event ''Year 9 Shot'' on Day ''KECHB Athletics 2010''.'),
(87, '2012-05-28 15:42:22', 1, 'Added 6 new Competitors to Day ''KECHB Athletics 2010'' while scoring.'),
(88, '2012-05-28 15:42:22', 1, 'Updated the Scores for Event ''Year 9 Discus'' on Day ''KECHB Athletics 2010''.'),
(89, '2012-05-28 15:44:21', 1, 'Added 3 new Competitors to Day ''KECHB Athletics 2010'' while scoring.'),
(90, '2012-05-28 15:44:21', 1, 'Updated the Scores for Event ''Year 9 Javelin'' on Day ''KECHB Athletics 2010''.'),
(91, '2012-05-28 15:45:25', 1, 'Updated the Scores for Event ''Year 9 Relay'' on Day ''KECHB Athletics 2010''.'),
(92, '2012-05-28 15:52:16', 1, 'Added 8 new Competitors to Day ''KECHB Athletics 2010'' while scoring.'),
(93, '2012-05-28 15:52:16', 1, 'Updated the Scores for Event ''Year 10 100 metres'' on Day ''KECHB Athletics 2010''.'),
(94, '2012-05-28 15:54:13', 1, 'Added 8 new Competitors to Day ''KECHB Athletics 2010'' while scoring.'),
(95, '2012-05-28 15:54:13', 1, 'Updated the Scores for Event ''Year 10 200 metres'' on Day ''KECHB Athletics 2010''.'),
(96, '2012-05-28 15:56:14', 1, 'Added 8 new Competitors to Day ''KECHB Athletics 2010'' while scoring.'),
(97, '2012-05-28 15:56:14', 1, 'Updated the Scores for Event ''Year 10 400 metres'' on Day ''KECHB Athletics 2010''.'),
(98, '2012-05-28 15:59:11', 1, 'Added 7 new Competitors to Day ''KECHB Athletics 2010'' while scoring.'),
(99, '2012-05-28 15:59:11', 1, 'Updated the Scores for Event ''Year 10 800 metres'' on Day ''KECHB Athletics 2010''.'),
(100, '2012-05-28 15:59:44', 1, 'Updated the Scores for Event ''Year 10 800 metres'' on Day ''KECHB Athletics 2010''.'),
(101, '2012-05-28 16:01:43', 1, 'Added 6 new Competitors to Day ''KECHB Athletics 2010'' while scoring.'),
(102, '2012-05-28 16:01:43', 1, 'Updated the Scores for Event ''Year 10 1500 metres'' on Day ''KECHB Athletics 2010''.'),
(103, '2012-05-28 16:03:53', 1, 'Added 4 new Competitors to Day ''KECHB Athletics 2010'' while scoring.'),
(104, '2012-05-28 16:03:53', 1, 'Updated the Scores for Event ''Year 10 High Jump'' on Day ''KECHB Athletics 2010''.'),
(105, '2012-05-28 16:06:46', 1, 'Added 3 new Competitors to Day ''KECHB Athletics 2010'' while scoring.'),
(106, '2012-05-28 16:06:46', 1, 'Updated the Scores for Event ''Year 10 Long Jump'' on Day ''KECHB Athletics 2010''.'),
(107, '2012-05-28 16:08:08', 1, 'Added 2 new Competitors to Day ''KECHB Athletics 2010'' while scoring.'),
(108, '2012-05-28 16:08:08', 1, 'Updated the Scores for Event ''Year 10 Triple Jump'' on Day ''KECHB Athletics 2010''.'),
(109, '2012-05-28 16:10:06', 1, 'Added 5 new Competitors to Day ''KECHB Athletics 2010'' while scoring.'),
(110, '2012-05-28 16:10:06', 1, 'Updated the Scores for Event ''Year 10 Shot'' on Day ''KECHB Athletics 2010''.'),
(111, '2012-05-28 16:12:19', 1, 'Added 7 new Competitors to Day ''KECHB Athletics 2010'' while scoring.'),
(112, '2012-05-28 16:12:19', 1, 'Updated the Scores for Event ''Year 10 Discus'' on Day ''KECHB Athletics 2010''.'),
(113, '2012-05-28 16:13:56', 1, 'Added 6 new Competitors to Day ''KECHB Athletics 2010'' while scoring.'),
(114, '2012-05-28 16:13:56', 1, 'Updated the Scores for Event ''Year 10 Javelin'' on Day ''KECHB Athletics 2010''.'),
(115, '2012-05-28 16:14:58', 1, 'Updated the Scores for Event ''Year 10 Relay'' on Day ''KECHB Athletics 2010''.'),
(116, '2012-05-28 16:21:23', 1, 'Logged out.'),
(117, '2012-05-29 13:31:46', 1, 'Logged in.'),
(118, '2012-05-29 13:48:11', 1, 'Updated the settings for Competition Template ''Norman Green Athletics''.'),
(119, '2012-05-29 13:49:20', 1, 'Added new Day ''KECHB Athletics 2011''.'),
(120, '2012-05-29 13:52:23', 1, 'Updated the settings for Day ''KECHB Athletics 2011''.'),
(121, '2012-05-29 13:52:32', 1, 'Changed the Active Day to database ID 3.'),
(122, '2012-05-29 14:02:36', 1, 'Added 8 new Competitors to Day ''KECHB Athletics 2011'' while scoring.'),
(123, '2012-05-29 14:02:36', 1, 'Updated the Scores for Event ''Year 7 100 metres'' on Day ''KECHB Athletics 2011''.'),
(124, '2012-05-29 14:05:42', 1, 'Added 8 new Competitors to Day ''KECHB Athletics 2011'' while scoring.'),
(125, '2012-05-29 14:05:42', 1, 'Updated the Scores for Event ''Year 7 200 metres'' on Day ''KECHB Athletics 2011''.'),
(126, '2012-05-29 14:05:56', 1, 'Logged in.'),
(127, '2012-05-29 14:08:10', 1, 'Added 6 new Competitors to Day ''KECHB Athletics 2011'' while scoring.'),
(128, '2012-05-29 14:08:10', 1, 'Updated the Scores for Event ''Year 7 400 metres'' on Day ''KECHB Athletics 2011''.'),
(129, '2012-05-29 14:11:57', 1, 'Added 8 new Competitors to Day ''KECHB Athletics 2011'' while scoring.'),
(130, '2012-05-29 14:11:57', 1, 'Updated the Scores for Event ''Year 7 800 metres'' on Day ''KECHB Athletics 2011''.'),
(131, '2012-05-29 14:19:05', 1, 'Added 7 new Competitors to Day ''KECHB Athletics 2011'' while scoring.'),
(132, '2012-05-29 14:19:05', 1, 'Updated the Scores for Event ''Year 7 1500 metres'' on Day ''KECHB Athletics 2011''.'),
(133, '2012-05-29 14:21:50', 1, 'Added 4 new Competitors to Day ''KECHB Athletics 2011'' while scoring.'),
(134, '2012-05-29 14:21:50', 1, 'Updated the Scores for Event ''Year 7 High Jump'' on Day ''KECHB Athletics 2011''.'),
(135, '2012-05-29 14:23:40', 1, 'Added 5 new Competitors to Day ''KECHB Athletics 2011'' while scoring.'),
(136, '2012-05-29 14:23:40', 1, 'Updated the Scores for Event ''Year 7 Long Jump'' on Day ''KECHB Athletics 2011''.'),
(137, '2012-05-29 14:26:40', 1, 'Added 4 new Competitors to Day ''KECHB Athletics 2011'' while scoring.'),
(138, '2012-05-29 14:26:52', 1, 'Updated the Scores for Event ''Year 7 Triple Jump'' on Day ''KECHB Athletics 2011''.'),
(139, '2012-05-29 14:30:47', 1, 'Added 6 new Competitors to Day ''KECHB Athletics 2011'' while scoring.'),
(140, '2012-05-29 14:30:47', 1, 'Updated the Scores for Event ''Year 7 Shot'' on Day ''KECHB Athletics 2011''.'),
(141, '2012-05-29 14:32:23', 1, 'Added 6 new Competitors to Day ''KECHB Athletics 2011'' while scoring.'),
(142, '2012-05-29 14:32:24', 1, 'Updated the Scores for Event ''Year 7 Discus'' on Day ''KECHB Athletics 2011''.'),
(143, '2012-05-29 14:34:04', 1, 'Added 6 new Competitors to Day ''KECHB Athletics 2011'' while scoring.'),
(144, '2012-05-29 14:34:15', 1, 'Updated the Scores for Event ''Year 7 Javelin'' on Day ''KECHB Athletics 2011''.'),
(145, '2012-05-29 14:36:41', 1, 'Added 8 new Competitors to Day ''KECHB Athletics 2011'' while scoring.'),
(146, '2012-05-29 14:36:41', 1, 'Updated the Scores for Event ''Year 7 Relay'' on Day ''KECHB Athletics 2011''.'),
(147, '2012-05-29 14:37:03', 1, 'Logged in.'),
(148, '2012-05-29 14:38:00', 1, 'Updated the Scores for Event ''Year 7 Relay'' on Day ''KECHB Athletics 2011''.'),
(149, '2012-05-29 14:38:15', 1, 'Logged out.'),
(150, '2012-05-29 14:40:23', 1, 'Added new User ''scorer1''.'),
(151, '2012-05-29 14:40:26', 1, 'Updated the settings for User ''scorer1''.'),
(152, '2012-05-29 14:40:30', 1, 'Updated the password for User ''scorer1''.'),
(153, '2012-05-29 14:40:31', 2, 'Logged in.'),
(154, '2012-05-29 14:40:45', 1, 'Added new User ''scorer2''.'),
(155, '2012-05-29 14:40:48', 1, 'Updated the settings for User ''scorer2''.'),
(156, '2012-05-29 14:40:52', 1, 'Updated the password for User ''scorer2''.'),
(157, '2012-05-29 14:40:57', 1, 'Added new User ''scorer3''.'),
(158, '2012-05-29 14:40:59', 1, 'Updated the settings for User ''scorer3''.'),
(159, '2012-05-29 14:41:04', 1, 'Updated the password for User ''scorer3''.'),
(160, '2012-05-29 14:41:08', 1, 'Added new User ''scorer4''.'),
(161, '2012-05-29 14:41:10', 1, 'Updated the settings for User ''scorer4''.'),
(162, '2012-05-29 14:41:14', 1, 'Updated the password for User ''scorer4''.'),
(163, '2012-05-29 14:46:23', 1, 'Added 8 new Competitors to Day ''KECHB Athletics 2011'' while scoring.'),
(164, '2012-05-29 14:46:23', 1, 'Updated the Scores for Event ''Year 8 100 metres'' on Day ''KECHB Athletics 2011''.'),
(165, '2012-05-29 14:48:22', 1, 'Added 7 new Competitors to Day ''KECHB Athletics 2011'' while scoring.'),
(166, '2012-05-29 14:48:22', 1, 'Updated the Scores for Event ''Year 8 200 metres'' on Day ''KECHB Athletics 2011''.'),
(167, '2012-05-29 14:48:37', 2, 'Added 7 new Competitors to Day ''KECHB Athletics 2011'' while scoring.'),
(168, '2012-05-29 14:49:05', 2, 'Updated the Scores for Event ''Year 9 100 metres'' on Day ''KECHB Athletics 2011''.'),
(169, '2012-05-29 14:51:45', 1, 'Added 7 new Competitors to Day ''KECHB Athletics 2011'' while scoring.'),
(170, '2012-05-29 14:51:45', 1, 'Updated the Scores for Event ''Year 8 400 metres'' on Day ''KECHB Athletics 2011''.'),
(171, '2012-05-29 14:53:14', 1, 'Updated the Scores for Event ''Year 8 400 metres'' on Day ''KECHB Athletics 2011''.'),
(172, '2012-05-29 14:53:21', 1, 'Logged out.'),
(173, '2012-05-29 15:07:43', 1, 'Logged in.'),
(174, '2012-05-29 15:12:45', 1, 'Added 7 new Competitors to Day ''KECHB Athletics 2011'' while scoring.'),
(175, '2012-05-29 15:12:46', 1, 'Updated the Scores for Event ''Year 8 800 metres'' on Day ''KECHB Athletics 2011''.'),
(176, '2012-05-29 15:13:22', 1, 'Updated the Scores for Event ''Year 8 800 metres'' on Day ''KECHB Athletics 2011''.'),
(177, '2012-05-29 15:15:56', 1, 'Added 6 new Competitors to Day ''KECHB Athletics 2011'' while scoring.'),
(178, '2012-05-29 15:15:56', 1, 'Updated the Scores for Event ''Year 8 1500 metres'' on Day ''KECHB Athletics 2011''.'),
(179, '2012-05-29 15:20:52', 1, 'Added 7 new Competitors to Day ''KECHB Athletics 2011'' while scoring.'),
(180, '2012-05-29 15:20:52', 1, 'Updated the Scores for Event ''Year 8 High Jump'' on Day ''KECHB Athletics 2011''.'),
(181, '2012-05-29 15:23:23', 1, 'Added 6 new Competitors to Day ''KECHB Athletics 2011'' while scoring.'),
(182, '2012-05-29 15:23:23', 1, 'Updated the Scores for Event ''Year 8 Long Jump'' on Day ''KECHB Athletics 2011''.'),
(183, '2012-05-29 15:25:47', 1, 'Added 4 new Competitors to Day ''KECHB Athletics 2011'' while scoring.'),
(184, '2012-05-29 15:25:47', 1, 'Updated the Scores for Event ''Year 8 Triple Jump'' on Day ''KECHB Athletics 2011''.'),
(185, '2012-05-29 15:27:38', 1, 'Added 5 new Competitors to Day ''KECHB Athletics 2011'' while scoring.'),
(186, '2012-05-29 15:27:38', 1, 'Updated the Scores for Event ''Year 8 Shot'' on Day ''KECHB Athletics 2011''.'),
(187, '2012-05-29 15:29:29', 1, 'Added 5 new Competitors to Day ''KECHB Athletics 2011'' while scoring.'),
(188, '2012-05-29 15:29:30', 1, 'Updated the Scores for Event ''Year 8 Discus'' on Day ''KECHB Athletics 2011''.'),
(189, '2012-05-29 15:31:06', 1, 'Added 4 new Competitors to Day ''KECHB Athletics 2011'' while scoring.'),
(190, '2012-05-29 15:31:06', 1, 'Updated the Scores for Event ''Year 8 Javelin'' on Day ''KECHB Athletics 2011''.'),
(191, '2012-05-29 15:31:08', 1, 'Logged out.'),
(192, '2012-05-29 15:42:30', 1, 'Logged in.'),
(193, '2012-05-29 15:53:13', 1, 'Updated the Scores for Event ''Year 8 Relay'' on Day ''KECHB Athletics 2011''.'),
(194, '2012-05-29 15:56:15', 1, 'Added 7 new Competitors to Day ''KECHB Athletics 2011'' while scoring.'),
(195, '2012-05-29 15:56:16', 1, 'Updated the Scores for Event ''Year 9 200 metres'' on Day ''KECHB Athletics 2011''.'),
(196, '2012-05-29 15:59:01', 2, 'Logged in.'),
(197, '2012-05-29 16:01:17', 1, 'Added 7 new Competitors to Day ''KECHB Athletics 2011'' while scoring.'),
(198, '2012-05-29 16:01:17', 1, 'Updated the Scores for Event ''Year 9 400 metres'' on Day ''KECHB Athletics 2011''.'),
(199, '2012-05-29 16:04:33', 1, 'Added 7 new Competitors to Day ''KECHB Athletics 2011'' while scoring.'),
(200, '2012-05-29 16:04:33', 1, 'Updated the Scores for Event ''Year 9 800 metres'' on Day ''KECHB Athletics 2011''.'),
(201, '2012-05-29 16:04:51', 2, 'Added 7 new Competitors to Day ''KECHB Athletics 2011'' while scoring.'),
(202, '2012-05-29 16:04:51', 2, 'Updated the Scores for Event ''Year 10 100 metres'' on Day ''KECHB Athletics 2011''.'),
(203, '2012-05-29 16:07:14', 1, 'Added 7 new Competitors to Day ''KECHB Athletics 2011'' while scoring.'),
(204, '2012-05-29 16:07:14', 1, 'Updated the Scores for Event ''Year 9 1500 metres'' on Day ''KECHB Athletics 2011''.'),
(205, '2012-05-29 16:08:43', 2, 'Added 6 new Competitors to Day ''KECHB Athletics 2011'' while scoring.'),
(206, '2012-05-29 16:08:43', 2, 'Updated the Scores for Event ''Year 10 200 metres'' on Day ''KECHB Athletics 2011''.'),
(207, '2012-05-29 16:09:49', 1, 'Added 6 new Competitors to Day ''KECHB Athletics 2011'' while scoring.'),
(208, '2012-05-29 16:09:49', 1, 'Updated the Scores for Event ''Year 9 High Jump'' on Day ''KECHB Athletics 2011''.'),
(209, '2012-05-29 16:11:23', 1, 'Added 4 new Competitors to Day ''KECHB Athletics 2011'' while scoring.'),
(210, '2012-05-29 16:11:23', 1, 'Updated the Scores for Event ''Year 9 Long Jump'' on Day ''KECHB Athletics 2011''.'),
(211, '2012-05-29 16:13:52', 1, 'Added 4 new Competitors to Day ''KECHB Athletics 2011'' while scoring.'),
(212, '2012-05-29 16:13:52', 1, 'Updated the Scores for Event ''Year 9 Triple Jump'' on Day ''KECHB Athletics 2011''.'),
(213, '2012-05-29 16:14:25', 2, 'Added 7 new Competitors to Day ''KECHB Athletics 2011'' while scoring.'),
(214, '2012-05-29 16:14:25', 2, 'Updated the Scores for Event ''Year 10 400 metres'' on Day ''KECHB Athletics 2011''.'),
(215, '2012-05-29 16:16:00', 1, 'Added 6 new Competitors to Day ''KECHB Athletics 2011'' while scoring.'),
(216, '2012-05-29 16:16:00', 1, 'Updated the Scores for Event ''Year 9 Shot'' on Day ''KECHB Athletics 2011''.'),
(217, '2012-05-29 16:18:06', 1, 'Added 4 new Competitors to Day ''KECHB Athletics 2011'' while scoring.'),
(218, '2012-05-29 16:18:06', 1, 'Updated the Scores for Event ''Year 9 Discus'' on Day ''KECHB Athletics 2011''.'),
(219, '2012-05-29 16:20:08', 2, 'Added 7 new Competitors to Day ''KECHB Athletics 2011'' while scoring.'),
(220, '2012-05-29 16:20:08', 2, 'Updated the Scores for Event ''Year 10 800 metres'' on Day ''KECHB Athletics 2011''.'),
(221, '2012-05-29 16:20:24', 1, 'Added 8 new Competitors to Day ''KECHB Athletics 2011'' while scoring.'),
(222, '2012-05-29 16:20:24', 1, 'Updated the Scores for Event ''Year 9 Javelin'' on Day ''KECHB Athletics 2011''.'),
(223, '2012-05-29 16:21:08', 1, 'Updated the settings for Day ''KECHB Athletics 2011''.'),
(224, '2012-05-29 16:21:26', 4, 'Logged in.'),
(225, '2012-05-29 16:23:13', 1, 'Added 1 new Competitors to Day ''KECHB Athletics 2011'' while scoring.'),
(226, '2012-05-29 16:23:18', 1, 'Updated the Scores for Event ''Year 9 Relay'' on Day ''KECHB Athletics 2011''.'),
(227, '2012-05-29 16:24:32', 1, 'Updated the Scores for Event ''Year 10 Relay'' on Day ''KECHB Athletics 2011''.'),
(228, '2012-05-29 16:25:29', 2, 'Added 7 new Competitors to Day ''KECHB Athletics 2011'' while scoring.'),
(229, '2012-05-29 16:25:29', 2, 'Updated the Scores for Event ''Year 10 1500 metres'' on Day ''KECHB Athletics 2011''.'),
(230, '2012-05-29 16:27:21', 1, 'Added 6 new Competitors to Day ''KECHB Athletics 2011'' while scoring.'),
(231, '2012-05-29 16:27:21', 1, 'Updated the Scores for Event ''Year 10 High Jump'' on Day ''KECHB Athletics 2011''.'),
(232, '2012-05-29 16:28:50', 3, 'Logged in.'),
(233, '2012-05-29 16:28:50', 1, 'Added 3 new Competitors to Day ''KECHB Athletics 2011'' while scoring.'),
(234, '2012-05-29 16:28:50', 1, 'Updated the Scores for Event ''Year 10 Long Jump'' on Day ''KECHB Athletics 2011''.'),
(235, '2012-05-29 16:30:57', 1, 'Added 4 new Competitors to Day ''KECHB Athletics 2011'' while scoring.'),
(236, '2012-05-29 16:30:57', 1, 'Updated the Scores for Event ''Year 10 Triple Jump'' on Day ''KECHB Athletics 2011''.'),
(237, '2012-05-29 16:32:48', 1, 'Added 6 new Competitors to Day ''KECHB Athletics 2011'' while scoring.'),
(238, '2012-05-29 16:32:49', 1, 'Updated the Scores for Event ''Year 10 Shot'' on Day ''KECHB Athletics 2011''.'),
(239, '2012-05-29 16:33:27', 2, 'Logged out.'),
(240, '2012-05-29 16:33:37', 1, 'Logged in.'),
(241, '2012-05-29 16:33:51', 1, 'Added new User ''announcer''.'),
(242, '2012-05-29 16:33:54', 1, 'Updated the settings for User ''announcer''.'),
(243, '2012-05-29 16:34:02', 1, 'Updated the password for User ''announcer''.'),
(244, '2012-05-29 16:34:04', 1, 'Logged out.'),
(245, '2012-05-29 16:34:15', 2, 'Logged in.'),
(246, '2012-05-29 16:34:28', 6, 'Logged in.'),
(247, '2012-05-29 16:34:59', 1, 'Added 6 new Competitors to Day ''KECHB Athletics 2011'' while scoring.'),
(248, '2012-05-29 16:35:02', 1, 'Updated the Scores for Event ''Year 10 Discus'' on Day ''KECHB Athletics 2011''.'),
(249, '2012-05-29 16:37:00', 1, 'Added 6 new Competitors to Day ''KECHB Athletics 2011'' while scoring.'),
(250, '2012-05-29 16:37:00', 1, 'Updated the Scores for Event ''Year 10 Javelin'' on Day ''KECHB Athletics 2011''.'),
(251, '2012-05-29 16:39:12', 1, 'Updated the settings for Competition Template ''Norman Green Athletics''.'),
(252, '2012-05-29 16:39:37', 1, 'Added new Day ''KECHB Athletics 2012''.'),
(253, '2012-05-29 16:40:50', 5, 'Logged in.'),
(254, '2012-05-29 16:40:52', 1, 'Updated the settings for Day ''KECHB Athletics 2012''.'),
(255, '2012-05-29 16:41:01', 1, 'Changed the Active Day to database ID 4.'),
(256, '2012-05-29 16:50:36', 3, 'Added 7 new Competitors to Day ''KECHB Athletics 2012'' while scoring.'),
(257, '2012-05-29 16:50:36', 3, 'Updated the Scores for Event ''Year 8 800 metres'' on Day ''KECHB Athletics 2012''.'),
(258, '2012-05-29 16:51:05', 2, 'Added 7 new Competitors to Day ''KECHB Athletics 2012'' while scoring.'),
(259, '2012-05-29 16:51:06', 2, 'Updated the Scores for Event ''Year 7 800 metres'' on Day ''KECHB Athletics 2012''.'),
(260, '2012-05-29 16:51:31', 5, 'Added 5 new Competitors to Day ''KECHB Athletics 2012'' while scoring.'),
(261, '2012-05-29 16:51:31', 5, 'Updated the Scores for Event ''Year 10 Long Jump'' on Day ''KECHB Athletics 2012''.'),
(262, '2012-05-29 16:57:41', 4, 'Added 6 new Competitors to Day ''KECHB Athletics 2012'' while scoring.'),
(263, '2012-05-29 16:57:46', 6, 'Logged in.'),
(264, '2012-05-29 16:57:50', 5, 'Added 6 new Competitors to Day ''KECHB Athletics 2012'' while scoring.'),
(265, '2012-05-29 16:57:51', 5, 'Updated the Scores for Event ''Year 10 800 metres'' on Day ''KECHB Athletics 2012''.'),
(266, '2012-05-29 16:58:11', 4, 'Updated the Scores for Event ''Year 9 Shot'' on Day ''KECHB Athletics 2012''.'),
(267, '2012-05-29 16:58:55', 3, 'Added 5 new Competitors to Day ''KECHB Athletics 2012'' while scoring.'),
(268, '2012-05-29 16:58:56', 3, 'Updated the Scores for Event ''Year 8 Javelin'' on Day ''KECHB Athletics 2012''.'),
(269, '2012-05-29 17:01:28', 5, 'Added 6 new Competitors to Day ''KECHB Athletics 2012'' while scoring.'),
(270, '2012-05-29 17:01:28', 5, 'Updated the Scores for Event ''Year 10 Discus'' on Day ''KECHB Athletics 2012''.'),
(271, '2012-05-29 17:02:04', 4, 'Added 7 new Competitors to Day ''KECHB Athletics 2012'' while scoring.'),
(272, '2012-05-29 17:02:04', 4, 'Updated the Scores for Event ''Year 9 800 metres'' on Day ''KECHB Athletics 2012''.'),
(273, '2012-05-29 17:03:09', 2, 'Added 7 new Competitors to Day ''KECHB Athletics 2012'' while scoring.'),
(274, '2012-05-29 17:03:09', 2, 'Updated the Scores for Event ''Year 7 100 metres'' on Day ''KECHB Athletics 2012''.'),
(275, '2012-05-29 17:04:10', 3, 'Added 7 new Competitors to Day ''KECHB Athletics 2012'' while scoring.'),
(276, '2012-05-29 17:04:10', 3, 'Updated the Scores for Event ''Year 8 100 metres'' on Day ''KECHB Athletics 2012''.'),
(277, '2012-05-29 17:07:16', 4, 'Added 7 new Competitors to Day ''KECHB Athletics 2012'' while scoring.'),
(278, '2012-05-29 17:07:16', 4, 'Updated the Scores for Event ''Year 9 Triple Jump'' on Day ''KECHB Athletics 2012''.'),
(279, '2012-05-29 17:08:18', 1, 'Updated the settings for Day ''KECHB Athletics 2012''.'),
(280, '2012-05-29 17:08:31', 4, 'Updated the Scores for Event ''Year 9 800 metres'' on Day ''KECHB Athletics 2012''.'),
(281, '2012-05-29 17:10:23', 5, 'Added 4 new Competitors to Day ''KECHB Athletics 2012'' while scoring.'),
(282, '2012-05-29 17:10:23', 5, 'Updated the Scores for Event ''Year 10 100 metres'' on Day ''KECHB Athletics 2012''.'),
(283, '2012-05-29 17:11:43', 4, 'Added 7 new Competitors to Day ''KECHB Athletics 2012'' while scoring.'),
(284, '2012-05-29 17:11:43', 4, 'Updated the Scores for Event ''Year 9 100 metres'' on Day ''KECHB Athletics 2012''.'),
(285, '2012-05-29 17:17:57', 5, 'Added 4 new Competitors to Day ''KECHB Athletics 2012'' while scoring.'),
(286, '2012-05-29 17:17:58', 5, 'Updated the Scores for Event ''Year 10 Shot'' on Day ''KECHB Athletics 2012''.'),
(287, '2012-05-29 17:18:29', 2, 'Added 6 new Competitors to Day ''KECHB Athletics 2012'' while scoring.'),
(288, '2012-05-29 17:18:39', 2, 'Updated the Scores for Event ''Year 7 400 metres'' on Day ''KECHB Athletics 2012''.'),
(289, '2012-05-29 17:18:55', 4, 'Added 4 new Competitors to Day ''KECHB Athletics 2012'' while scoring.'),
(290, '2012-05-29 17:18:55', 4, 'Updated the Scores for Event ''Year 9 Long Jump'' on Day ''KECHB Athletics 2012''.'),
(291, '2012-05-29 17:19:45', 3, 'Added 6 new Competitors to Day ''KECHB Athletics 2012'' while scoring.'),
(292, '2012-05-29 17:19:46', 3, 'Updated the Scores for Event ''Year 8 400 metres'' on Day ''KECHB Athletics 2012''.'),
(293, '2012-05-29 17:21:52', 4, 'Added 6 new Competitors to Day ''KECHB Athletics 2012'' while scoring.'),
(294, '2012-05-29 17:21:52', 4, 'Updated the Scores for Event ''Year 9 Discus'' on Day ''KECHB Athletics 2012''.'),
(295, '2012-05-29 17:24:10', 2, 'Added 6 new Competitors to Day ''KECHB Athletics 2012'' while scoring.'),
(296, '2012-05-29 17:24:10', 2, 'Updated the Scores for Event ''Year 7 Javelin'' on Day ''KECHB Athletics 2012''.'),
(297, '2012-05-29 17:24:30', 3, 'Added 5 new Competitors to Day ''KECHB Athletics 2012'' while scoring.'),
(298, '2012-05-29 17:24:30', 3, 'Updated the Scores for Event ''Year 8 High Jump'' on Day ''KECHB Athletics 2012''.'),
(299, '2012-05-29 17:25:04', 4, 'Added 3 new Competitors to Day ''KECHB Athletics 2012'' while scoring.'),
(300, '2012-05-29 17:25:04', 4, 'Updated the Scores for Event ''Year 9 400 metres'' on Day ''KECHB Athletics 2012''.'),
(301, '2012-05-29 17:26:08', 5, 'Added 4 new Competitors to Day ''KECHB Athletics 2012'' while scoring.'),
(302, '2012-05-29 17:26:08', 5, 'Updated the Scores for Event ''Year 10 400 metres'' on Day ''KECHB Athletics 2012''.'),
(303, '2012-05-29 17:29:32', 2, 'Added 6 new Competitors to Day ''KECHB Athletics 2012'' while scoring.'),
(304, '2012-05-29 17:29:32', 2, 'Updated the Scores for Event ''Year 7 High Jump'' on Day ''KECHB Athletics 2012''.'),
(305, '2012-05-29 17:30:24', 3, 'Added 5 new Competitors to Day ''KECHB Athletics 2012'' while scoring.'),
(306, '2012-05-29 17:30:24', 3, 'Updated the Scores for Event ''Year 8 Discus'' on Day ''KECHB Athletics 2012''.'),
(307, '2012-05-29 17:32:56', 2, 'Added 4 new Competitors to Day ''KECHB Athletics 2012'' while scoring.'),
(308, '2012-05-29 17:32:56', 2, 'Updated the Scores for Event ''Year 7 Shot'' on Day ''KECHB Athletics 2012''.'),
(309, '2012-05-29 17:36:31', 3, 'Added 2 new Competitors to Day ''KECHB Athletics 2012'' while scoring.'),
(310, '2012-05-29 17:36:31', 3, 'Updated the Scores for Event ''Year 8 Triple Jump'' on Day ''KECHB Athletics 2012''.'),
(311, '2012-05-29 17:38:32', 2, 'Added 7 new Competitors to Day ''KECHB Athletics 2012'' while scoring.'),
(312, '2012-05-29 17:38:32', 2, 'Updated the Scores for Event ''Year 7 200 metres'' on Day ''KECHB Athletics 2012''.'),
(313, '2012-05-29 17:40:52', 3, 'Added 6 new Competitors to Day ''KECHB Athletics 2012'' while scoring.'),
(314, '2012-05-29 17:40:52', 3, 'Updated the Scores for Event ''Year 8 200 metres'' on Day ''KECHB Athletics 2012''.'),
(315, '2012-05-29 17:42:23', 2, 'Added 3 new Competitors to Day ''KECHB Athletics 2012'' while scoring.'),
(316, '2012-05-29 17:42:23', 2, 'Updated the Scores for Event ''Year 7 Triple Jump'' on Day ''KECHB Athletics 2012''.'),
(317, '2012-05-29 17:42:32', 4, 'Added 5 new Competitors to Day ''KECHB Athletics 2012'' while scoring.'),
(318, '2012-05-29 17:42:32', 4, 'Updated the Scores for Event ''Year 9 200 metres'' on Day ''KECHB Athletics 2012''.'),
(319, '2012-05-29 17:44:23', 1, 'Updated the settings for Day ''KECHB Athletics 2012''.'),
(320, '2012-05-29 17:45:25', 5, 'Added 4 new Competitors to Day ''KECHB Athletics 2012'' while scoring.'),
(321, '2012-05-29 17:45:25', 5, 'Updated the Scores for Event ''Year 10 200 metres'' on Day ''KECHB Athletics 2012''.'),
(322, '2012-05-29 17:46:57', 2, 'Added 1 new Competitors to Day ''KECHB Athletics 2012'' while scoring.'),
(323, '2012-05-29 17:46:57', 2, 'Updated the Scores for Event ''Year 7 Discus'' on Day ''KECHB Athletics 2012''.'),
(324, '2012-05-29 17:47:53', 1, 'Updated the settings for Day ''KECHB Athletics 2012''.'),
(325, '2012-05-29 17:50:43', 5, 'Added 1 new Competitors to Day ''KECHB Athletics 2012'' while scoring.'),
(326, '2012-05-29 17:50:43', 5, 'Updated the Scores for Event ''Year 10 Javelin'' on Day ''KECHB Athletics 2012''.'),
(327, '2012-05-29 17:51:56', 5, 'Added 2 new Competitors to Day ''KECHB Athletics 2012'' while scoring.'),
(328, '2012-05-29 17:51:56', 5, 'Updated the Scores for Event ''Year 10 Javelin'' on Day ''KECHB Athletics 2012''.'),
(329, '2012-05-29 17:52:07', 3, 'Added 4 new Competitors to Day ''KECHB Athletics 2012'' while scoring.'),
(330, '2012-05-29 17:52:07', 3, 'Updated the Scores for Event ''Year 8 Long Jump'' on Day ''KECHB Athletics 2012''.'),
(331, '2012-05-29 17:54:34', 5, 'Added 1 new Competitors to Day ''KECHB Athletics 2012'' while scoring.'),
(332, '2012-05-29 17:54:35', 5, 'Updated the Scores for Event ''Year 10 Triple Jump'' on Day ''KECHB Athletics 2012''.'),
(333, '2012-05-29 17:58:35', 3, 'Added 3 new Competitors to Day ''KECHB Athletics 2012'' while scoring.'),
(334, '2012-05-29 17:58:35', 3, 'Updated the Scores for Event ''Year 8 Shot'' on Day ''KECHB Athletics 2012''.'),
(335, '2012-05-29 18:00:42', 4, 'Added 4 new Competitors to Day ''KECHB Athletics 2012'' while scoring.'),
(336, '2012-05-29 18:00:42', 4, 'Updated the Scores for Event ''Year 9 Javelin'' on Day ''KECHB Athletics 2012''.'),
(337, '2012-05-29 18:02:33', 1, 'Updated the settings for Day ''KECHB Athletics 2011''.'),
(338, '2012-05-29 18:03:05', 1, 'Updated the settings for Day ''KECHB Athletics 2012''.'),
(339, '2012-05-29 18:04:29', 4, 'Added 3 new Competitors to Day ''KECHB Athletics 2012'' while scoring.'),
(340, '2012-05-29 18:04:29', 4, 'Updated the Scores for Event ''Year 9 1500 metres'' on Day ''KECHB Athletics 2012''.'),
(341, '2012-05-29 18:05:28', 2, 'Added 7 new Competitors to Day ''KECHB Athletics 2012'' while scoring.'),
(342, '2012-05-29 18:05:28', 2, 'Updated the Scores for Event ''Year 7 1500 metres'' on Day ''KECHB Athletics 2012''.'),
(343, '2012-05-29 18:06:17', 3, 'Added 2 new Competitors to Day ''KECHB Athletics 2012'' while scoring.'),
(344, '2012-05-29 18:06:17', 3, 'Updated the Scores for Event ''Year 8 1500 metres'' on Day ''KECHB Athletics 2012''.'),
(345, '2012-05-29 18:07:56', 5, 'Added 5 new Competitors to Day ''KECHB Athletics 2012'' while scoring.'),
(346, '2012-05-29 18:07:56', 5, 'Updated the Scores for Event ''Year 10 1500 metres'' on Day ''KECHB Athletics 2012''.'),
(347, '2012-05-29 18:11:08', 5, 'Updated the Scores for Event ''Year 10 1500 metres'' on Day ''KECHB Athletics 2012''.'),
(348, '2012-05-29 18:12:05', 3, 'Added 1 new Competitors to Day ''KECHB Athletics 2012'' while scoring.'),
(349, '2012-05-29 18:12:06', 3, 'Updated the Scores for Event ''Year 8 Relay'' on Day ''KECHB Athletics 2012''.'),
(350, '2012-05-29 18:12:46', 2, 'Added 3 new Competitors to Day ''KECHB Athletics 2012'' while scoring.'),
(351, '2012-05-29 18:12:47', 2, 'Updated the Scores for Event ''Year 7 Long Jump'' on Day ''KECHB Athletics 2012''.'),
(352, '2012-05-29 18:13:15', 2, 'Updated the Scores for Event ''Year 7 Long Jump'' on Day ''KECHB Athletics 2012''.'),
(353, '2012-05-29 18:15:19', 2, 'Updated the Scores for Event ''Year 7 Relay'' on Day ''KECHB Athletics 2012''.'),
(354, '2012-05-29 18:18:16', 2, 'Updated the Scores for Event ''Year 9 Relay'' on Day ''KECHB Athletics 2012''.'),
(355, '2012-05-29 18:18:58', 3, 'Added 3 new Competitors to Day ''KECHB Athletics 2012'' while scoring.'),
(356, '2012-05-29 18:18:58', 3, 'Updated the Scores for Event ''Year 9 High Jump'' on Day ''KECHB Athletics 2012''.'),
(357, '2012-05-29 18:19:59', 5, 'Added 3 new Competitors to Day ''KECHB Athletics 2012'' while scoring.'),
(358, '2012-05-29 18:19:59', 5, 'Updated the Scores for Event ''Year 10 High Jump'' on Day ''KECHB Athletics 2012''.'),
(359, '2012-05-29 18:20:14', 3, 'Updated the Scores for Event ''Year 9 High Jump'' on Day ''KECHB Athletics 2012''.'),
(360, '2012-05-29 18:23:09', 2, 'Updated the Scores for Event ''Year 10 Relay'' on Day ''KECHB Athletics 2012''.'),
(361, '2012-05-29 18:26:08', 2, 'Logged out.'),
(362, '2012-05-29 18:26:19', 3, 'Logged out.'),
(363, '2012-05-29 18:26:57', 4, 'Logged out.'),
(364, '2012-05-29 18:27:13', 5, 'Logged out.'),
(365, '2012-05-29 18:28:45', 1, 'Logged out.'),
(366, '2012-05-30 00:12:24', 1, 'Logged in.'),
(367, '2012-05-30 00:27:37', 1, 'Logged out.'),
(368, '2012-05-30 08:46:11', 1, 'Logged in.'),
(369, '2012-05-30 14:07:02', 1, 'Logged in.'),
(370, '2012-05-30 14:10:12', 1, 'Updated the Scores for Event ''Year 9 Long Jump'' on Day ''KECHB Athletics 2012''.'),
(371, '2012-05-30 14:11:18', 1, 'Updated the Scores for Event ''Year 9 High Jump'' on Day ''KECHB Athletics 2012''.'),
(372, '2012-05-30 14:21:44', 1, 'Logged out.'),
(373, '2012-05-30 14:36:25', 1, 'Logged in.'),
(374, '2012-05-30 14:36:59', 0, 'Failed login attempt for user ''jpitt''.'),
(375, '2012-05-30 14:37:07', 1, 'Logged in.'),
(376, '2012-05-30 16:52:47', 1, 'Logged in.'),
(377, '2012-05-30 16:53:32', 1, 'Logged out.'),
(378, '2012-05-30 19:05:05', 1, 'Logged in.'),
(379, '2012-05-30 19:05:16', 1, 'Logged out.'),
(380, '2012-05-30 22:13:09', 1, 'Logged in.'),
(381, '2012-05-30 22:20:44', 1, 'Logged out.'),
(382, '2012-05-31 08:15:02', 1, 'Logged in.'),
(383, '2012-05-31 08:23:41', 1, 'Logged in.'),
(384, '2012-05-31 08:28:22', 1, 'Logged in.'),
(385, '2012-06-01 11:37:17', 1, 'Logged in.'),
(386, '2012-06-01 11:57:05', 1, 'Updated the settings for Competition Template ''Norman Green Athletics''.'),
(387, '2012-06-01 11:57:24', 1, 'Added new Day ''NG Test''.'),
(388, '2012-06-01 11:57:34', 1, 'Updated the settings for Day ''NG Test''.'),
(389, '2012-06-01 11:58:03', 1, 'Changed the Active Day to database ID 5.'),
(390, '2012-06-01 11:59:05', 1, 'Changed the Active Day to database ID 4.'),
(391, '2012-06-01 12:08:21', 1, 'Logged out.'),
(392, '2012-06-01 12:08:30', 2, 'Logged in.'),
(393, '2012-06-01 12:12:30', 2, 'Logged out.'),
(394, '2012-06-01 12:12:41', 1, 'Logged in.'),
(395, '2012-06-01 12:21:22', 1, 'Logged out.'),
(396, '2012-06-01 14:10:35', 1, 'Logged in.'),
(397, '2012-06-01 14:10:50', 1, 'Deleted the Day ''NG Test''.'),
(398, '2012-06-01 14:10:53', 1, 'Logged out.'),
(399, '2012-06-04 00:21:09', 1, 'Logged in.'),
(400, '2012-06-04 00:21:34', 1, 'Updated the settings for Competition Template ''Norman Green Athletics''.'),
(401, '2012-06-04 00:21:36', 1, 'Logged out.'),
(402, '2012-07-05 20:32:03', 1, 'Logged in.'),
(403, '2012-07-05 23:54:57', 1, 'Updated the settings for Competition Template ''Norman Green Athletics''.'),
(404, '2012-07-06 00:27:52', 1, 'Updated the settings for Competition Template ''Norman Green Athletics''.'),
(405, '2012-07-06 01:31:43', 1, 'Logged out.'),
(406, '2012-07-06 13:48:20', 1, 'Logged in.'),
(407, '2012-07-06 15:25:49', 1, 'Logged out.'),
(408, '2012-07-06 18:58:22', 1, 'Logged in.'),
(409, '2012-07-07 01:28:09', 1, 'Logged out.'),
(410, '2012-07-08 16:58:38', 1, 'Logged in.'),
(411, '2012-07-08 23:38:00', 1, 'Logged in.'),
(412, '2012-07-09 02:19:45', 1, 'Logged out.'),
(413, '2012-07-09 09:13:56', 1, 'Logged in.'),
(414, '2012-07-09 10:49:56', 1, 'Logged in.'),
(415, '2012-07-09 10:52:53', 1, 'Adjusted components in Day ''''.'),
(416, '2012-07-09 10:54:08', 1, 'Adjusted components in Day ''''.'),
(417, '2012-07-09 10:55:08', 1, 'Adjusted components in Day ''''.'),
(418, '2012-07-09 10:55:30', 1, 'Adjusted components in Day ''''.'),
(419, '2012-07-09 11:12:24', 1, 'Adjusted components in Day ''''.'),
(420, '2012-07-09 11:12:49', 1, 'Adjusted components in Day ''''.'),
(421, '2012-07-09 11:13:21', 1, 'Adjusted components in Day ''''.'),
(422, '2012-07-09 11:18:26', 1, 'Adjusted components in Day ''''.'),
(423, '2012-07-09 11:18:42', 1, 'Adjusted components in Day ''''.'),
(424, '2012-07-09 11:19:59', 1, 'Updated the settings for Day ''KECHB Athletics 2010''.'),
(425, '2012-07-09 11:21:33', 1, 'Updated the settings for Day ''KECHB Athletics 2011''.'),
(426, '2012-07-09 11:36:33', 1, 'Adjusted components in Day ''''.'),
(427, '2012-07-09 11:39:05', 1, 'Adjusted components in Day ''''.'),
(428, '2012-07-09 11:40:07', 1, 'Updated the settings for Day ''KECHB Athletics 2012''.'),
(429, '2012-07-09 11:40:31', 1, 'Adjusted components in Day ''''.'),
(430, '2012-07-09 11:42:23', 1, 'Logged out.'),
(431, '2012-07-09 11:55:25', 1, 'Logged in.'),
(432, '2012-07-09 12:42:48', 1, 'Logged out.'),
(433, '2012-07-09 12:58:41', 0, 'Failed login attempt for user ''root''.'),
(434, '2012-07-09 12:58:48', 1, 'Logged in.'),
(435, '2012-07-09 13:08:44', 1, 'Logged out.'),
(436, '2012-07-15 21:10:48', 1, 'Logged in.'),
(437, '2012-07-16 00:32:58', 1, 'Added new Competition Template ''Sports Day''.'),
(438, '2012-07-16 00:49:28', 1, 'Updated the settings for Competition Template ''Sports Day''.'),
(439, '2012-07-16 00:49:59', 1, 'Added new Competition Template ''Swimming Gala''.'),
(440, '2012-07-16 00:59:15', 1, 'Updated the settings for Competition Template ''Swimming Gala''.'),
(441, '2012-07-16 00:59:54', 1, 'Updated the password for User ''root''.'),
(442, '2012-07-16 01:00:00', 1, 'Logged out.');

-- --------------------------------------------------------

--
-- Table structure for table `usergroups`
--

DROP TABLE IF EXISTS `usergroups`;
CREATE TABLE IF NOT EXISTS `usergroups` (
  `ug_id` int(10) unsigned NOT NULL AUTO_INCREMENT,
  `name` varchar(50) NOT NULL,
  `perm_admin` tinyint(1) NOT NULL DEFAULT '0',
  `perm_daymanage` tinyint(1) NOT NULL DEFAULT '0',
  `perm_scoreedit` tinyint(1) NOT NULL DEFAULT '0',
  `perm_scoreview` tinyint(1) NOT NULL DEFAULT '0',
  `perm_stats` tinyint(1) NOT NULL DEFAULT '0',
  PRIMARY KEY (`ug_id`)
) ENGINE=InnoDB  DEFAULT CHARSET=latin1 AUTO_INCREMENT=5 ;

--
-- Dumping data for table `usergroups`
--

INSERT INTO `usergroups` (`ug_id`, `name`, `perm_admin`, `perm_daymanage`, `perm_scoreedit`, `perm_scoreview`, `perm_stats`) VALUES
(1, 'Administrator', 1, 1, 1, 1, 1),
(2, 'Event Manager', 0, 1, 1, 1, 1),
(3, 'Scorer', 0, 0, 1, 1, 0),
(4, 'Announcer', 0, 0, 0, 1, 1);

-- --------------------------------------------------------

--
-- Table structure for table `users`
--

DROP TABLE IF EXISTS `users`;
CREATE TABLE IF NOT EXISTS `users` (
  `u_id` int(10) unsigned NOT NULL AUTO_INCREMENT,
  `name` varchar(50) NOT NULL,
  `password` varchar(40) NOT NULL DEFAULT '',
  `ug_id` int(10) unsigned NOT NULL,
  PRIMARY KEY (`u_id`)
) ENGINE=InnoDB  DEFAULT CHARSET=latin1 AUTO_INCREMENT=7 ;

--
-- Dumping data for table `users`
--

INSERT INTO `users` (`u_id`, `name`, `password`, `ug_id`) VALUES
(1, 'root', '41005fe914791fb0cf21eb60d5ed88be2a636d1e', 1),
(2, 'scorer1', '7e9722ee66cf82cec426a457f03a2bf78c216623', 3),
(3, 'scorer2', '7e9722ee66cf82cec426a457f03a2bf78c216623', 3),
(4, 'scorer3', '7e9722ee66cf82cec426a457f03a2bf78c216623', 3),
(5, 'scorer4', '7e9722ee66cf82cec426a457f03a2bf78c216623', 3),
(6, 'announcer', 'ba8bfd179eeede146875aad6fdc0a7c949c76dc8', 4);

/*!40101 SET CHARACTER_SET_CLIENT=@OLD_CHARACTER_SET_CLIENT */;
/*!40101 SET CHARACTER_SET_RESULTS=@OLD_CHARACTER_SET_RESULTS */;
/*!40101 SET COLLATION_CONNECTION=@OLD_COLLATION_CONNECTION */;
